,source_ip,destination_ip,protocol,top_layer,packet_length,packet_number,capture_time,timestamp,dns_query,dns_response,dns_type,dns_class,query_count,answer_count,authority_count,udp_source_port,udp_destination_port,source_port,destination_port,tcp_flags,sequence_number,acknowledgement,tls
0,192.168.159.238,192.168.144.1,17,DNS,74,1,2024-03-27 02:42:58.548403,1711503778.548402600,www.abc.net.au,,1,0x0001,1,0,0,45091,53,,,,,,
1,192.168.159.238,192.168.144.1,17,DNS,74,2,2024-03-27 02:42:58.548410,1711503778.548409700,www.abc.net.au,,28,0x0001,1,0,0,45091,53,,,,,,
2,192.168.144.1,192.168.159.238,17,DNS,228,3,2024-03-27 02:42:58.619265,1711503778.619264900,www.abc.net.au,www.abc.net.au,1,0x0001,1,3,0,53,45091,,,,,,
3,192.168.144.1,192.168.159.238,17,DNS,190,4,2024-03-27 02:42:58.691921,1711503778.691921100,www.abc.net.au,www.abc.net.au,28,0x0001,1,2,0,53,45091,,,,,,
4,192.168.159.238,2.17.140.98,6,TCP,74,5,2024-03-27 02:42:58.692167,1711503778.692166900,,,,,,,,,,41618,443,0x0002,0,0,
5,2.17.140.98,192.168.159.238,6,TCP,66,6,2024-03-27 02:42:58.751994,1711503778.751994100,,,,,,,,,,443,41618,0x0012,0,1,
6,192.168.159.238,2.17.140.98,6,TCP,54,7,2024-03-27 02:42:58.752047,1711503778.752046500,,,,,,,,,,41618,443,0x0010,1,1,
7,192.168.159.238,2.17.140.98,6,TLS,571,8,2024-03-27 02:42:58.805239,1711503778.805239300,,,,,,,,,,41618,443,0x0018,1,1,TLS_Packet_Captured
8,2.17.140.98,192.168.159.238,6,TLS,2734,9,2024-03-27 02:42:58.867194,1711503778.867193900,,,,,,,,,,443,41618,0x0018,1,518,TLS_Packet_Captured
9,2.17.140.98,192.168.159.238,6,TLS,1470,10,2024-03-27 02:42:58.867194,1711503778.867194000,,,,,,,,,,443,41618,0x0018,2681,518,TLS_Packet_Captured
10,192.168.159.238,2.17.140.98,6,TCP,54,11,2024-03-27 02:42:58.867239,1711503778.867239300,,,,,,,,,,41618,443,0x0010,518,2681,
11,192.168.159.238,2.17.140.98,6,TCP,54,12,2024-03-27 02:42:58.867245,1711503778.867245000,,,,,,,,,,41618,443,0x0010,518,4097,
12,2.17.140.98,192.168.159.238,6,TCP,54,13,2024-03-27 02:42:58.872549,1711503778.872549400,,,,,,,,,,443,41618,0x0010,1,518,
13,192.168.159.238,2.17.140.98,6,TCP,54,14,2024-03-27 02:42:58.872566,1711503778.872565700,,,,,,,,,,41618,443,0x0010,518,4097,
14,2.17.140.98,192.168.159.238,6,TLS,171,15,2024-03-27 02:42:58.887421,1711503778.887421000,,,,,,,,,,443,41618,0x0018,4097,518,TLS_Packet_Captured
15,192.168.159.238,2.17.140.98,6,TCP,54,16,2024-03-27 02:42:58.887437,1711503778.887437200,,,,,,,,,,41618,443,0x0010,518,4214,
16,192.168.159.238,2.17.140.98,6,TLS,134,17,2024-03-27 02:42:58.887765,1711503778.887765300,,,,,,,,,,41618,443,0x0018,518,4214,TLS_Packet_Captured
17,192.168.159.238,2.17.140.98,6,TLS,221,18,2024-03-27 02:42:58.887963,1711503778.887963000,,,,,,,,,,41618,443,0x0018,598,4214,TLS_Packet_Captured
18,2.17.140.98,192.168.159.238,6,TLS,341,19,2024-03-27 02:42:58.931911,1711503778.931910500,,,,,,,,,,443,41618,0x0018,4214,598,TLS_Packet_Captured
19,2.17.140.98,192.168.159.238,6,TLS,341,20,2024-03-27 02:42:58.931911,1711503778.931910700,,,,,,,,,,443,41618,0x0018,4501,598,TLS_Packet_Captured
20,192.168.159.238,2.17.140.98,6,TCP,54,21,2024-03-27 02:42:58.931933,1711503778.931933400,,,,,,,,,,41618,443,0x0010,765,4501,
21,192.168.159.238,2.17.140.98,6,TCP,54,22,2024-03-27 02:42:58.931964,1711503778.931963700,,,,,,,,,,41618,443,0x0010,765,4788,
22,2.17.140.98,192.168.159.238,6,TLS,2332,23,2024-03-27 02:42:58.967982,1711503778.967982100,,,,,,,,,,443,41618,0x0018,4788,765,TLS_Packet_Captured
23,2.17.140.98,192.168.159.238,6,TLS,2734,24,2024-03-27 02:42:58.967982,1711503778.967982200,,,,,,,,,,443,41618,0x0018,7066,765,TLS_Packet_Captured
24,2.17.140.98,192.168.159.238,6,TCP,1394,25,2024-03-27 02:42:58.967982,1711503778.967982300,,,,,,,,,,443,41618,0x0010,9746,765,
25,192.168.159.238,2.17.140.98,6,TCP,54,26,2024-03-27 02:42:58.968003,1711503778.968003200,,,,,,,,,,41618,443,0x0010,765,7066,
26,192.168.159.238,2.17.140.98,6,TCP,54,27,2024-03-27 02:42:58.968033,1711503778.968033000,,,,,,,,,,41618,443,0x0010,765,9746,
27,192.168.159.238,2.17.140.98,6,TCP,54,28,2024-03-27 02:42:58.968037,1711503778.968036700,,,,,,,,,,41618,443,0x0010,765,11086,
28,2.17.140.98,192.168.159.238,6,TCP,1394,29,2024-03-27 02:42:58.972884,1711503778.972883600,,,,,,,,,,443,41618,0x0018,11086,765,
29,2.17.140.98,192.168.159.238,6,TCP,2734,30,2024-03-27 02:42:58.972884,1711503778.972883800,,,,,,,,,,443,41618,0x0018,12426,765,
30,192.168.159.238,2.17.140.98,6,TCP,54,31,2024-03-27 02:42:58.972902,1711503778.972902100,,,,,,,,,,41618,443,0x0010,765,12426,
31,192.168.159.238,2.17.140.98,6,TCP,54,32,2024-03-27 02:42:58.972934,1711503778.972934600,,,,,,,,,,41618,443,0x0010,765,15106,
32,2.17.140.98,192.168.159.238,6,TCP,1394,33,2024-03-27 02:42:58.972938,1711503778.972938100,,,,,,,,,,443,41618,0x0010,15106,765,
33,192.168.159.238,2.17.140.98,6,TCP,54,34,2024-03-27 02:42:58.972940,1711503778.972940000,,,,,,,,,,41618,443,0x0010,765,16446,
34,2.17.140.98,192.168.159.238,6,TCP,1394,35,2024-03-27 02:42:58.975363,1711503778.975362800,,,,,,,,,,443,41618,0x0018,16446,765,
35,2.17.140.98,192.168.159.238,6,TCP,1394,36,2024-03-27 02:42:58.975363,1711503778.975363000,,,,,,,,,,443,41618,0x0010,17786,765,
36,192.168.159.238,2.17.140.98,6,TCP,54,37,2024-03-27 02:42:58.975381,1711503778.975380700,,,,,,,,,,41618,443,0x0010,765,17786,
37,192.168.159.238,2.17.140.98,6,TCP,54,38,2024-03-27 02:42:58.975411,1711503778.975410900,,,,,,,,,,41618,443,0x0010,765,19126,
38,2.17.140.98,192.168.159.238,6,TCP,1394,39,2024-03-27 02:42:58.978918,1711503778.978918000,,,,,,,,,,443,41618,0x0018,19126,765,
39,2.17.140.98,192.168.159.238,6,TCP,2734,40,2024-03-27 02:42:58.978918,1711503778.978918200,,,,,,,,,,443,41618,0x0018,20466,765,
40,2.17.140.98,192.168.159.238,6,TLS,2734,41,2024-03-27 02:42:58.978918,1711503778.978918300,,,,,,,,,,443,41618,0x0018,23146,765,TLS_Packet_Captured
41,192.168.159.238,2.17.140.98,6,TCP,54,42,2024-03-27 02:42:58.979032,1711503778.979031500,,,,,,,,,,41618,443,0x0010,765,25826,
42,2.17.140.98,192.168.159.238,6,TCP,2734,43,2024-03-27 02:42:58.983526,1711503778.983526500,,,,,,,,,,443,41618,0x0018,25826,765,
43,192.168.159.238,2.17.140.98,6,TCP,54,44,2024-03-27 02:42:58.983544,1711503778.983543800,,,,,,,,,,41618,443,0x0010,765,28506,
44,2.17.140.98,192.168.159.238,6,TCP,1394,45,2024-03-27 02:42:58.987393,1711503778.987393300,,,,,,,,,,443,41618,0x0010,28506,765,
45,2.17.140.98,192.168.159.238,6,TCP,1394,46,2024-03-27 02:42:58.991918,1711503778.991918300,,,,,,,,,,443,41618,0x0018,29846,765,
46,2.17.140.98,192.168.159.238,6,TLS,1394,47,2024-03-27 02:42:58.991918,1711503778.991918400,,,,,,,,,,443,41618,0x0010,31186,765,TLS_Packet_Captured
47,192.168.159.238,2.17.140.98,6,TCP,54,48,2024-03-27 02:42:58.991936,1711503778.991936400,,,,,,,,,,41618,443,0x0010,765,31186,
48,2.17.140.98,192.168.159.238,6,TCP,1394,49,2024-03-27 02:42:58.995159,1711503778.995159500,,,,,,,,,,443,41618,0x0018,32526,765,
49,2.17.140.98,192.168.159.238,6,TCP,2734,50,2024-03-27 02:42:58.995160,1711503778.995159700,,,,,,,,,,443,41618,0x0018,33866,765,
50,192.168.159.238,2.17.140.98,6,TCP,54,51,2024-03-27 02:42:58.995178,1711503778.995178100,,,,,,,,,,41618,443,0x0010,765,33866,
51,192.168.159.238,2.17.140.98,6,TCP,54,52,2024-03-27 02:42:58.995268,1711503778.995268100,,,,,,,,,,41618,443,0x0010,765,36546,
52,2.17.140.98,192.168.159.238,6,TCP,2734,53,2024-03-27 02:42:59.003370,1711503779.003370200,,,,,,,,,,443,41618,0x0018,36546,765,
53,2.17.140.98,192.168.159.238,6,TCP,2734,54,2024-03-27 02:42:59.003370,1711503779.003370400,,,,,,,,,,443,41618,0x0018,39226,765,
54,2.17.140.98,192.168.159.238,6,TCP,2734,55,2024-03-27 02:42:59.003370,1711503779.003370400,,,,,,,,,,443,41618,0x0018,41906,765,
55,2.17.140.98,192.168.159.238,6,TLS,2734,56,2024-03-27 02:42:59.003370,1711503779.003370400,,,,,,,,,,443,41618,0x0018,44586,765,TLS_Packet_Captured
56,192.168.159.238,2.17.140.98,6,TCP,54,57,2024-03-27 02:42:59.003469,1711503779.003468500,,,,,,,,,,41618,443,0x0010,765,47266,
57,2.17.140.98,192.168.159.238,6,TCP,2734,58,2024-03-27 02:42:59.009588,1711503779.009587600,,,,,,,,,,443,41618,0x0018,47266,765,
58,2.17.140.98,192.168.159.238,6,TCP,2734,59,2024-03-27 02:42:59.009588,1711503779.009587800,,,,,,,,,,443,41618,0x0018,49946,765,
59,2.17.140.98,192.168.159.238,6,TLS,310,60,2024-03-27 02:42:59.009588,1711503779.009587800,,,,,,,,,,443,41618,0x0018,52626,765,TLS_Packet_Captured
60,192.168.159.238,2.17.140.98,6,TCP,54,61,2024-03-27 02:42:59.009605,1711503779.009605400,,,,,,,,,,41618,443,0x0010,765,49946,
61,192.168.159.238,2.17.140.98,6,TCP,54,62,2024-03-27 02:42:59.009706,1711503779.009706300,,,,,,,,,,41618,443,0x0010,765,52882,
62,192.168.159.238,192.168.144.1,17,DNS,74,63,2024-03-27 02:42:59.010787,1711503779.010786500,www.abc.net.au,,1,0x0001,1,0,0,44625,53,,,,,,
63,192.168.159.238,192.168.144.1,17,DNS,74,64,2024-03-27 02:42:59.010792,1711503779.010792600,www.abc.net.au,,28,0x0001,1,0,0,44625,53,,,,,,
64,192.168.144.1,192.168.159.238,17,DNS,228,65,2024-03-27 02:42:59.011761,1711503779.011760900,www.abc.net.au,www.abc.net.au,1,0x0001,1,3,0,53,44625,,,,,,
65,192.168.144.1,192.168.159.238,17,DNS,190,66,2024-03-27 02:42:59.012108,1711503779.012108000,www.abc.net.au,www.abc.net.au,28,0x0001,1,2,0,53,44625,,,,,,
66,192.168.159.238,2.17.140.98,6,TCP,74,67,2024-03-27 02:42:59.012280,1711503779.012280000,,,,,,,,,,41620,443,0x0002,0,0,
67,2.17.140.98,192.168.159.238,6,TCP,66,68,2024-03-27 02:42:59.052157,1711503779.052156700,,,,,,,,,,443,41620,0x0012,0,1,
68,192.168.159.238,2.17.140.98,6,TCP,54,69,2024-03-27 02:42:59.052207,1711503779.052206600,,,,,,,,,,41620,443,0x0010,1,1,
69,192.168.159.238,2.17.140.98,6,TLS,571,70,2024-03-27 02:42:59.104841,1711503779.104841000,,,,,,,,,,41620,443,0x0018,1,1,TLS_Packet_Captured
70,2.17.140.98,192.168.159.238,6,TLS,2734,71,2024-03-27 02:42:59.172721,1711503779.172720800,,,,,,,,,,443,41620,0x0018,1,518,TLS_Packet_Captured
71,2.17.140.98,192.168.159.238,6,TCP,1394,72,2024-03-27 02:42:59.172721,1711503779.172721100,,,,,,,,,,443,41620,0x0010,2681,518,
72,192.168.159.238,2.17.140.98,6,TCP,54,73,2024-03-27 02:42:59.172767,1711503779.172767100,,,,,,,,,,41620,443,0x0010,518,2681,
73,192.168.159.238,2.17.140.98,6,TCP,54,74,2024-03-27 02:42:59.172774,1711503779.172774400,,,,,,,,,,41620,443,0x0010,518,4021,
74,2.17.140.98,192.168.159.238,6,TLS,130,75,2024-03-27 02:42:59.173120,1711503779.173119900,,,,,,,,,,443,41620,0x0018,4021,518,TLS_Packet_Captured
75,192.168.159.238,2.17.140.98,6,TCP,54,76,2024-03-27 02:42:59.173127,1711503779.173127200,,,,,,,,,,41620,443,0x0010,518,4097,
76,2.17.140.98,192.168.159.238,6,TLS,171,77,2024-03-27 02:42:59.179484,1711503779.179484400,,,,,,,,,,443,41620,0x0018,4097,518,TLS_Packet_Captured
77,192.168.159.238,2.17.140.98,6,TCP,54,78,2024-03-27 02:42:59.179500,1711503779.179500200,,,,,,,,,,41620,443,0x0010,518,4214,
78,192.168.159.238,2.17.140.98,6,TLS,134,79,2024-03-27 02:42:59.179836,1711503779.179836100,,,,,,,,,,41620,443,0x0018,518,4214,TLS_Packet_Captured
79,192.168.159.238,2.17.140.98,6,TLS,221,80,2024-03-27 02:42:59.180075,1711503779.180075000,,,,,,,,,,41620,443,0x0018,598,4214,TLS_Packet_Captured
80,2.17.140.98,192.168.159.238,6,TCP,54,81,2024-03-27 02:42:59.182220,1711503779.182219900,,,,,,,,,,443,41620,0x0010,1,518,
81,192.168.159.238,2.17.140.98,6,TCP,54,82,2024-03-27 02:42:59.182237,1711503779.182236700,,,,,,,,,,41620,443,0x0010,765,4214,
82,2.17.140.98,192.168.159.238,6,TLS,341,83,2024-03-27 02:42:59.239148,1711503779.239148400,,,,,,,,,,443,41620,0x0018,4214,765,TLS_Packet_Captured
83,192.168.159.238,2.17.140.98,6,TCP,54,84,2024-03-27 02:42:59.239167,1711503779.239167400,,,,,,,,,,41620,443,0x0010,765,4501,
84,2.17.140.98,192.168.159.238,6,TLS,341,85,2024-03-27 02:42:59.242693,1711503779.242693100,,,,,,,,,,443,41620,0x0018,4501,765,TLS_Packet_Captured
85,192.168.159.238,2.17.140.98,6,TCP,54,86,2024-03-27 02:42:59.242704,1711503779.242704300,,,,,,,,,,41620,443,0x0010,765,4788,
86,2.17.140.98,192.168.159.238,6,TLS,2734,87,2024-03-27 02:42:59.245100,1711503779.245100400,,,,,,,,,,443,41620,0x0018,4788,765,TLS_Packet_Captured
87,192.168.159.238,2.17.140.98,6,TCP,54,88,2024-03-27 02:42:59.245117,1711503779.245117200,,,,,,,,,,41620,443,0x0010,765,7468,
88,2.17.140.98,192.168.159.238,6,TCP,2734,89,2024-03-27 02:42:59.252054,1711503779.252054000,,,,,,,,,,443,41620,0x0018,7468,765,
89,192.168.159.238,2.17.140.98,6,TCP,54,90,2024-03-27 02:42:59.252073,1711503779.252072800,,,,,,,,,,41620,443,0x0010,765,10148,
90,2.17.140.98,192.168.159.238,6,TCP,2734,91,2024-03-27 02:42:59.252130,1711503779.252130100,,,,,,,,,,443,41620,0x0018,10148,765,
91,2.17.140.98,192.168.159.238,6,TCP,2734,92,2024-03-27 02:42:59.252130,1711503779.252130100,,,,,,,,,,443,41620,0x0018,12828,765,
92,2.17.140.98,192.168.159.238,6,TCP,1394,93,2024-03-27 02:42:59.252130,1711503779.252130100,,,,,,,,,,443,41620,0x0010,15508,765,
93,192.168.159.238,2.17.140.98,6,TCP,54,94,2024-03-27 02:42:59.252137,1711503779.252136900,,,,,,,,,,41620,443,0x0010,765,12828,
94,192.168.159.238,2.17.140.98,6,TCP,54,95,2024-03-27 02:42:59.252141,1711503779.252141400,,,,,,,,,,41620,443,0x0010,765,15508,
95,192.168.159.238,2.17.140.98,6,TCP,54,96,2024-03-27 02:42:59.252143,1711503779.252143300,,,,,,,,,,41620,443,0x0010,765,16848,
96,2.17.140.98,192.168.159.238,6,TCP,1394,97,2024-03-27 02:42:59.258252,1711503779.258251900,,,,,,,,,,443,41620,0x0018,16848,765,
97,2.17.140.98,192.168.159.238,6,TCP,2734,98,2024-03-27 02:42:59.258252,1711503779.258252100,,,,,,,,,,443,41620,0x0018,18188,765,
98,2.17.140.98,192.168.159.238,6,TLS,2734,99,2024-03-27 02:42:59.258252,1711503779.258252200,,,,,,,,,,443,41620,0x0018,20868,765,TLS_Packet_Captured
99,192.168.159.238,2.17.140.98,6,TCP,54,100,2024-03-27 02:42:59.258271,1711503779.258270600,,,,,,,,,,41620,443,0x0010,765,18188,
100,192.168.159.238,2.17.140.98,6,TCP,54,101,2024-03-27 02:42:59.258301,1711503779.258301100,,,,,,,,,,41620,443,0x0010,765,20868,
101,192.168.159.238,2.17.140.98,6,TCP,54,102,2024-03-27 02:42:59.258331,1711503779.258331200,,,,,,,,,,41620,443,0x0010,765,23548,
102,2.17.140.98,192.168.159.238,6,TCP,1394,103,2024-03-27 02:42:59.261327,1711503779.261326800,,,,,,,,,,443,41620,0x0010,23548,765,
103,2.17.140.98,192.168.159.238,6,TCP,1394,104,2024-03-27 02:42:59.263266,1711503779.263265500,,,,,,,,,,443,41620,0x0018,24888,765,
104,2.17.140.98,192.168.159.238,6,TCP,1394,105,2024-03-27 02:42:59.263266,1711503779.263265700,,,,,,,,,,443,41620,0x0010,26228,765,
105,192.168.159.238,2.17.140.98,6,TCP,54,106,2024-03-27 02:42:59.263285,1711503779.263285500,,,,,,,,,,41620,443,0x0010,765,26228,
106,2.17.140.98,192.168.159.238,6,TCP,1394,107,2024-03-27 02:42:59.263319,1711503779.263319500,,,,,,,,,,443,41620,0x0018,27568,765,
107,192.168.159.238,2.17.140.98,6,TCP,54,108,2024-03-27 02:42:59.263376,1711503779.263376200,,,,,,,,,,41620,443,0x0010,765,28908,
108,2.17.140.98,192.168.159.238,6,TLS,2734,109,2024-03-27 02:42:59.265792,1711503779.265792400,,,,,,,,,,443,41620,0x0018,28908,765,TLS_Packet_Captured
109,2.17.140.98,192.168.159.238,6,TCP,2734,110,2024-03-27 02:42:59.265793,1711503779.265792600,,,,,,,,,,443,41620,0x0018,31588,765,
110,192.168.159.238,2.17.140.98,6,TCP,54,111,2024-03-27 02:42:59.265887,1711503779.265887500,,,,,,,,,,41620,443,0x0010,765,34268,
111,2.17.140.98,192.168.159.238,6,TCP,2734,112,2024-03-27 02:42:59.272056,1711503779.272055600,,,,,,,,,,443,41620,0x0018,34268,765,
112,2.17.140.98,192.168.159.238,6,TCP,1394,113,2024-03-27 02:42:59.272056,1711503779.272055800,,,,,,,,,,443,41620,0x0010,36948,765,
113,192.168.159.238,2.17.140.98,6,TCP,54,114,2024-03-27 02:42:59.272076,1711503779.272075700,,,,,,,,,,41620,443,0x0010,765,36948,
114,2.17.140.98,192.168.159.238,6,TCP,1394,115,2024-03-27 02:42:59.272305,1711503779.272304800,,,,,,,,,,443,41620,0x0018,38288,765,
115,2.17.140.98,192.168.159.238,6,TCP,1394,116,2024-03-27 02:42:59.272305,1711503779.272304900,,,,,,,,,,443,41620,0x0010,39628,765,
116,192.168.159.238,2.17.140.98,6,TCP,54,117,2024-03-27 02:42:59.272316,1711503779.272316200,,,,,,,,,,41620,443,0x0010,765,39628,
117,2.17.140.98,192.168.159.238,6,TCP,1394,118,2024-03-27 02:42:59.279072,1711503779.279071500,,,,,,,,,,443,41620,0x0018,40968,765,
118,2.17.140.98,192.168.159.238,6,TCP,2734,119,2024-03-27 02:42:59.279072,1711503779.279071600,,,,,,,,,,443,41620,0x0018,42308,765,
119,2.17.140.98,192.168.159.238,6,TLS,2734,120,2024-03-27 02:42:59.279072,1711503779.279071700,,,,,,,,,,443,41620,0x0018,44988,765,TLS_Packet_Captured
120,2.17.140.98,192.168.159.238,6,TCP,1394,121,2024-03-27 02:42:59.279072,1711503779.279071700,,,,,,,,,,443,41620,0x0010,47668,765,
121,192.168.159.238,2.17.140.98,6,TCP,54,122,2024-03-27 02:42:59.279092,1711503779.279092100,,,,,,,,,,41620,443,0x0010,765,42308,
122,192.168.159.238,2.17.140.98,6,TCP,54,123,2024-03-27 02:42:59.279198,1711503779.279197800,,,,,,,,,,41620,443,0x0010,765,49008,
123,2.17.140.98,192.168.159.238,6,TCP,1394,124,2024-03-27 02:42:59.279359,1711503779.279359000,,,,,,,,,,443,41620,0x0018,49008,765,
124,2.17.140.98,192.168.159.238,6,TLS,2566,125,2024-03-27 02:42:59.286390,1711503779.286390200,,,,,,,,,,443,41620,0x0018,50348,765,TLS_Packet_Captured
125,192.168.159.238,2.17.140.98,6,TCP,54,126,2024-03-27 02:42:59.286444,1711503779.286443800,,,,,,,,,,41620,443,0x0010,765,52860,
126,192.168.159.238,2.17.140.98,6,TCP,54,127,2024-03-27 02:42:59.287016,1711503779.287016300,,,,,,,,,,41618,443,0x0011,765,52882,
127,192.168.159.238,192.168.144.1,17,DNS,74,128,2024-03-27 02:42:59.288408,1711503779.288408100,www.abc.net.au,,1,0x0001,1,0,0,52745,53,,,,,,
128,192.168.159.238,192.168.144.1,17,DNS,74,129,2024-03-27 02:42:59.288412,1711503779.288412100,www.abc.net.au,,28,0x0001,1,0,0,52745,53,,,,,,
129,192.168.144.1,192.168.159.238,17,DNS,228,130,2024-03-27 02:42:59.289380,1711503779.289379500,www.abc.net.au,www.abc.net.au,1,0x0001,1,3,0,53,52745,,,,,,
130,192.168.144.1,192.168.159.238,17,DNS,190,131,2024-03-27 02:42:59.289734,1711503779.289733700,www.abc.net.au,www.abc.net.au,28,0x0001,1,2,0,53,52745,,,,,,
131,192.168.159.238,2.17.140.98,6,TCP,74,132,2024-03-27 02:42:59.289873,1711503779.289873000,,,,,,,,,,41622,443,0x0002,0,0,
132,2.17.140.98,192.168.159.238,6,TCP,66,133,2024-03-27 02:42:59.332278,1711503779.332278000,,,,,,,,,,443,41622,0x0012,0,1,
133,2.17.140.98,192.168.159.238,6,TLS,78,134,2024-03-27 02:42:59.332288,1711503779.332287900,,,,,,,,,,443,41618,0x0018,52882,766,TLS_Packet_Captured
134,2.17.140.98,192.168.159.238,6,TCP,54,135,2024-03-27 02:42:59.332288,1711503779.332288000,,,,,,,,,,443,41618,0x0011,52906,766,
135,192.168.159.238,2.17.140.98,6,TCP,54,136,2024-03-27 02:42:59.332330,1711503779.332329600,,,,,,,,,,41618,443,0x0004,766,0,
136,192.168.159.238,2.17.140.98,6,TCP,54,137,2024-03-27 02:42:59.332354,1711503779.332354000,,,,,,,,,,41622,443,0x0010,1,1,
137,192.168.159.238,2.17.140.98,6,TCP,54,138,2024-03-27 02:42:59.332423,1711503779.332423300,,,,,,,,,,41618,443,0x0004,766,0,
138,192.168.159.238,2.17.140.98,6,TLS,571,139,2024-03-27 02:42:59.384631,1711503779.384631000,,,,,,,,,,41622,443,0x0018,1,1,TLS_Packet_Captured
139,2.17.140.98,192.168.159.238,6,TLS,1394,140,2024-03-27 02:42:59.441014,1711503779.441013700,,,,,,,,,,443,41622,0x0010,1,518,TLS_Packet_Captured
140,192.168.159.238,2.17.140.98,6,TCP,54,141,2024-03-27 02:42:59.441081,1711503779.441081000,,,,,,,,,,41622,443,0x0010,518,1341,
141,2.17.140.98,192.168.159.238,6,TCP,54,142,2024-03-27 02:42:59.442858,1711503779.442858400,,,,,,,,,,443,41622,0x0010,1,518,
142,192.168.159.238,2.17.140.98,6,TCP,54,143,2024-03-27 02:42:59.442865,1711503779.442864800,,,,,,,,,,41622,443,0x0010,518,1341,
143,2.17.140.98,192.168.159.238,6,TCP,1394,144,2024-03-27 02:42:59.446327,1711503779.446326900,,,,,,,,,,443,41622,0x0018,1341,518,
144,192.168.159.238,2.17.140.98,6,TCP,54,145,2024-03-27 02:42:59.446335,1711503779.446335300,,,,,,,,,,41622,443,0x0010,518,2681,
145,2.17.140.98,192.168.159.238,6,TLS,1470,146,2024-03-27 02:42:59.447226,1711503779.447225900,,,,,,,,,,443,41622,0x0018,2681,518,TLS_Packet_Captured
146,192.168.159.238,2.17.140.98,6,TCP,54,147,2024-03-27 02:42:59.447232,1711503779.447232000,,,,,,,,,,41622,443,0x0010,518,4097,
147,2.17.140.98,192.168.159.238,6,TLS,171,148,2024-03-27 02:42:59.469098,1711503779.469098400,,,,,,,,,,443,41622,0x0018,4097,518,TLS_Packet_Captured
148,192.168.159.238,2.17.140.98,6,TCP,54,149,2024-03-27 02:42:59.469111,1711503779.469110700,,,,,,,,,,41622,443,0x0010,518,4214,
149,192.168.159.238,2.17.140.98,6,TLS,134,150,2024-03-27 02:42:59.469388,1711503779.469388000,,,,,,,,,,41622,443,0x0018,518,4214,TLS_Packet_Captured
150,192.168.159.238,2.17.140.98,6,TLS,221,151,2024-03-27 02:42:59.469620,1711503779.469620200,,,,,,,,,,41622,443,0x0018,598,4214,TLS_Packet_Captured
151,2.17.140.98,192.168.159.238,6,TLS,341,152,2024-03-27 02:42:59.520789,1711503779.520788600,,,,,,,,,,443,41622,0x0018,4214,765,TLS_Packet_Captured
152,2.17.140.98,192.168.159.238,6,TLS,341,153,2024-03-27 02:42:59.520789,1711503779.520788800,,,,,,,,,,443,41622,0x0018,4501,765,TLS_Packet_Captured
153,192.168.159.238,2.17.140.98,6,TCP,54,154,2024-03-27 02:42:59.520808,1711503779.520808300,,,,,,,,,,41622,443,0x0010,765,4501,
154,192.168.159.238,2.17.140.98,6,TCP,54,155,2024-03-27 02:42:59.520833,1711503779.520833100,,,,,,,,,,41622,443,0x0010,765,4788,
155,2.17.140.98,192.168.159.238,6,TLS,1394,156,2024-03-27 02:42:59.529336,1711503779.529336300,,,,,,,,,,443,41622,0x0010,4788,765,TLS_Packet_Captured
156,192.168.159.238,2.17.140.98,6,TCP,54,157,2024-03-27 02:42:59.529345,1711503779.529345000,,,,,,,,,,41622,443,0x0010,765,6128,
157,2.17.140.98,192.168.159.238,6,TCP,1394,158,2024-03-27 02:42:59.531595,1711503779.531594900,,,,,,,,,,443,41622,0x0018,6128,765,
158,2.17.140.98,192.168.159.238,6,TCP,1394,159,2024-03-27 02:42:59.531595,1711503779.531595000,,,,,,,,,,443,41622,0x0010,7468,765,
159,192.168.159.238,2.17.140.98,6,TCP,54,160,2024-03-27 02:42:59.531602,1711503779.531601600,,,,,,,,,,41622,443,0x0010,765,7468,
160,192.168.159.238,2.17.140.98,6,TCP,54,161,2024-03-27 02:42:59.531623,1711503779.531623200,,,,,,,,,,41622,443,0x0010,765,8808,
161,2.17.140.98,192.168.159.238,6,TCP,1394,162,2024-03-27 02:42:59.531840,1711503779.531840300,,,,,,,,,,443,41622,0x0018,8808,765,
162,2.17.140.98,192.168.159.238,6,TCP,1394,163,2024-03-27 02:42:59.531840,1711503779.531840400,,,,,,,,,,443,41622,0x0010,10148,765,
163,192.168.159.238,2.17.140.98,6,TCP,54,164,2024-03-27 02:42:59.531846,1711503779.531846000,,,,,,,,,,41622,443,0x0010,765,10148,
164,192.168.159.238,2.17.140.98,6,TCP,54,165,2024-03-27 02:42:59.531867,1711503779.531866600,,,,,,,,,,41622,443,0x0010,765,11488,
165,2.17.140.98,192.168.159.238,6,TCP,1394,166,2024-03-27 02:42:59.533415,1711503779.533415100,,,,,,,,,,443,41622,0x0018,11488,765,
166,2.17.140.98,192.168.159.238,6,TCP,1394,167,2024-03-27 02:42:59.533415,1711503779.533415200,,,,,,,,,,443,41622,0x0010,12828,765,
167,192.168.159.238,2.17.140.98,6,TCP,54,168,2024-03-27 02:42:59.533421,1711503779.533421300,,,,,,,,,,41622,443,0x0010,765,12828,
168,192.168.159.238,2.17.140.98,6,TCP,54,169,2024-03-27 02:42:59.533443,1711503779.533442900,,,,,,,,,,41622,443,0x0010,765,14168,
169,2.17.140.98,192.168.159.238,6,TCP,1394,170,2024-03-27 02:42:59.539007,1711503779.539006800,,,,,,,,,,443,41622,0x0018,14168,765,
170,2.17.140.98,192.168.159.238,6,TCP,1394,171,2024-03-27 02:42:59.539007,1711503779.539006900,,,,,,,,,,443,41622,0x0010,15508,765,
171,192.168.159.238,2.17.140.98,6,TCP,54,172,2024-03-27 02:42:59.539038,1711503779.539037600,,,,,,,,,,41622,443,0x0010,765,16848,
172,2.17.140.98,192.168.159.238,6,TCP,1394,173,2024-03-27 02:42:59.540850,1711503779.540849900,,,,,,,,,,443,41622,0x0018,16848,765,
173,2.17.140.98,192.168.159.238,6,TCP,1394,174,2024-03-27 02:42:59.540850,1711503779.540850000,,,,,,,,,,443,41622,0x0010,18188,765,
174,192.168.159.238,2.17.140.98,6,TCP,54,175,2024-03-27 02:42:59.540910,1711503779.540910500,,,,,,,,,,41622,443,0x0010,765,19528,
175,2.17.140.98,192.168.159.238,6,TCP,1394,176,2024-03-27 02:42:59.549737,1711503779.549737200,,,,,,,,,,443,41622,0x0018,19528,765,
176,2.17.140.98,192.168.159.238,6,TLS,2734,177,2024-03-27 02:42:59.549737,1711503779.549737200,,,,,,,,,,443,41622,0x0018,20868,765,TLS_Packet_Captured
177,2.17.140.98,192.168.159.238,6,TCP,2734,178,2024-03-27 02:42:59.549737,1711503779.549737200,,,,,,,,,,443,41622,0x0018,23548,765,
178,2.17.140.98,192.168.159.238,6,TCP,2734,179,2024-03-27 02:42:59.549737,1711503779.549737300,,,,,,,,,,443,41622,0x0018,26228,765,
179,192.168.159.238,2.17.140.98,6,TCP,54,180,2024-03-27 02:42:59.549810,1711503779.549810000,,,,,,,,,,41622,443,0x0010,765,28908,
180,2.17.140.98,192.168.159.238,6,TLS,2734,181,2024-03-27 02:42:59.552536,1711503779.552536000,,,,,,,,,,443,41622,0x0018,28908,765,TLS_Packet_Captured
181,192.168.159.238,2.17.140.98,6,TCP,54,182,2024-03-27 02:42:59.552632,1711503779.552632300,,,,,,,,,,41622,443,0x0010,765,31588,
182,2.17.140.98,192.168.159.238,6,TCP,2734,183,2024-03-27 02:42:59.558175,1711503779.558174800,,,,,,,,,,443,41622,0x0018,31588,765,
183,192.168.159.238,2.17.140.98,6,TCP,54,184,2024-03-27 02:42:59.558183,1711503779.558183200,,,,,,,,,,41622,443,0x0010,765,34268,
184,2.17.140.98,192.168.159.238,6,TCP,2734,185,2024-03-27 02:42:59.558682,1711503779.558682200,,,,,,,,,,443,41622,0x0018,34268,765,
185,192.168.159.238,2.17.140.98,6,TCP,54,186,2024-03-27 02:42:59.558690,1711503779.558689600,,,,,,,,,,41622,443,0x0010,765,36948,
186,2.17.140.98,192.168.159.238,6,TCP,2734,187,2024-03-27 02:42:59.562687,1711503779.562686800,,,,,,,,,,443,41622,0x0018,36948,765,
187,192.168.159.238,2.17.140.98,6,TCP,54,188,2024-03-27 02:42:59.562692,1711503779.562692300,,,,,,,,,,41622,443,0x0010,765,39628,
188,2.17.140.98,192.168.159.238,6,TCP,2734,189,2024-03-27 02:42:59.564847,1711503779.564846500,,,,,,,,,,443,41622,0x0018,39628,765,
189,192.168.159.238,2.17.140.98,6,TCP,54,190,2024-03-27 02:42:59.564852,1711503779.564851900,,,,,,,,,,41622,443,0x0010,765,42308,
190,2.17.140.98,192.168.159.238,6,TCP,2734,191,2024-03-27 02:42:59.571701,1711503779.571700600,,,,,,,,,,443,41622,0x0018,42308,765,
191,192.168.159.238,2.17.140.98,6,TCP,54,192,2024-03-27 02:42:59.571706,1711503779.571706000,,,,,,,,,,41622,443,0x0010,765,44988,
192,2.17.140.98,192.168.159.238,6,TLS,2734,193,2024-03-27 02:42:59.572062,1711503779.572061800,,,,,,,,,,443,41622,0x0018,44988,765,TLS_Packet_Captured
193,2.17.140.98,192.168.159.238,6,TCP,2734,194,2024-03-27 02:42:59.572062,1711503779.572061800,,,,,,,,,,443,41622,0x0018,47668,765,
194,192.168.159.238,2.17.140.98,6,TCP,54,195,2024-03-27 02:42:59.572068,1711503779.572068400,,,,,,,,,,41622,443,0x0010,765,47668,
195,192.168.159.238,2.17.140.98,6,TCP,54,196,2024-03-27 02:42:59.572180,1711503779.572179800,,,,,,,,,,41622,443,0x0010,765,50348,
196,2.17.140.98,192.168.159.238,6,TLS,2566,197,2024-03-27 02:42:59.572255,1711503779.572254600,,,,,,,,,,443,41622,0x0018,50348,765,TLS_Packet_Captured
197,192.168.159.238,2.17.140.98,6,TCP,54,198,2024-03-27 02:42:59.572798,1711503779.572798500,,,,,,,,,,41622,443,0x0010,765,52860,
198,192.168.159.238,2.17.140.98,6,TCP,54,199,2024-03-27 02:42:59.573267,1711503779.573267100,,,,,,,,,,41620,443,0x0011,765,52860,
199,192.168.159.238,192.168.144.1,17,DNS,74,200,2024-03-27 02:42:59.574594,1711503779.574593900,www.abc.net.au,,1,0x0001,1,0,0,45501,53,,,,,,
200,192.168.159.238,192.168.144.1,17,DNS,74,201,2024-03-27 02:42:59.574597,1711503779.574597400,www.abc.net.au,,28,0x0001,1,0,0,45501,53,,,,,,
201,192.168.144.1,192.168.159.238,17,DNS,228,202,2024-03-27 02:42:59.575602,1711503779.575601800,www.abc.net.au,www.abc.net.au,1,0x0001,1,3,0,53,45501,,,,,,
202,192.168.144.1,192.168.159.238,17,DNS,190,203,2024-03-27 02:42:59.576006,1711503779.576006100,www.abc.net.au,www.abc.net.au,28,0x0001,1,2,0,53,45501,,,,,,
203,192.168.159.238,2.17.140.98,6,TCP,74,204,2024-03-27 02:42:59.576196,1711503779.576196300,,,,,,,,,,41624,443,0x0002,0,0,
204,2.17.140.98,192.168.159.238,6,TLS,78,205,2024-03-27 02:42:59.613024,1711503779.613023700,,,,,,,,,,443,41620,0x0018,52860,766,TLS_Packet_Captured
205,192.168.159.238,2.17.140.98,6,TCP,54,206,2024-03-27 02:42:59.613048,1711503779.613047500,,,,,,,,,,41620,443,0x0004,766,0,
206,2.17.140.98,192.168.159.238,6,TCP,54,207,2024-03-27 02:42:59.615120,1711503779.615120200,,,,,,,,,,443,41620,0x0011,52884,766,
207,192.168.159.238,2.17.140.98,6,TCP,54,208,2024-03-27 02:42:59.615129,1711503779.615129100,,,,,,,,,,41620,443,0x0004,766,0,
208,2.17.140.98,192.168.159.238,6,TCP,66,209,2024-03-27 02:42:59.622072,1711503779.622072000,,,,,,,,,,443,41624,0x0012,0,1,
209,192.168.159.238,2.17.140.98,6,TCP,54,210,2024-03-27 02:42:59.622101,1711503779.622101100,,,,,,,,,,41624,443,0x0010,1,1,
210,192.168.159.238,2.17.140.98,6,TLS,571,211,2024-03-27 02:42:59.674398,1711503779.674397800,,,,,,,,,,41624,443,0x0018,1,1,TLS_Packet_Captured
211,2.17.140.98,192.168.159.238,6,TLS,2734,212,2024-03-27 02:42:59.742361,1711503779.742360900,,,,,,,,,,443,41624,0x0018,1,518,TLS_Packet_Captured
212,192.168.159.238,2.17.140.98,6,TCP,54,213,2024-03-27 02:42:59.742445,1711503779.742445300,,,,,,,,,,41624,443,0x0010,518,2681,
213,2.17.140.98,192.168.159.238,6,TLS,1470,214,2024-03-27 02:42:59.742451,1711503779.742451300,,,,,,,,,,443,41624,0x0018,2681,518,TLS_Packet_Captured
214,2.17.140.98,192.168.159.238,6,TCP,54,215,2024-03-27 02:42:59.742451,1711503779.742451300,,,,,,,,,,443,41624,0x0010,1,518,
215,192.168.159.238,2.17.140.98,6,TCP,54,216,2024-03-27 02:42:59.742455,1711503779.742455600,,,,,,,,,,41624,443,0x0010,518,4097,
216,192.168.159.238,2.17.140.98,6,TCP,54,217,2024-03-27 02:42:59.742457,1711503779.742457100,,,,,,,,,,41624,443,0x0010,518,4097,
217,2.17.140.98,192.168.159.238,6,TLS,172,218,2024-03-27 02:42:59.758707,1711503779.758706600,,,,,,,,,,443,41624,0x0018,4097,518,TLS_Packet_Captured
218,192.168.159.238,2.17.140.98,6,TCP,54,219,2024-03-27 02:42:59.758749,1711503779.758749100,,,,,,,,,,41624,443,0x0010,518,4215,
219,192.168.159.238,2.17.140.98,6,TLS,134,220,2024-03-27 02:42:59.759314,1711503779.759313500,,,,,,,,,,41624,443,0x0018,518,4215,TLS_Packet_Captured
220,192.168.159.238,2.17.140.98,6,TLS,221,221,2024-03-27 02:42:59.759685,1711503779.759684800,,,,,,,,,,41624,443,0x0018,598,4215,TLS_Packet_Captured
221,2.17.140.98,192.168.159.238,6,TLS,341,222,2024-03-27 02:42:59.800008,1711503779.800008000,,,,,,,,,,443,41624,0x0018,4215,598,TLS_Packet_Captured
222,2.17.140.98,192.168.159.238,6,TLS,341,223,2024-03-27 02:42:59.800008,1711503779.800008200,,,,,,,,,,443,41624,0x0018,4502,598,TLS_Packet_Captured
223,192.168.159.238,2.17.140.98,6,TCP,54,224,2024-03-27 02:42:59.800032,1711503779.800031700,,,,,,,,,,41624,443,0x0010,765,4502,
224,192.168.159.238,2.17.140.98,6,TCP,54,225,2024-03-27 02:42:59.800062,1711503779.800061900,,,,,,,,,,41624,443,0x0010,765,4789,
225,2.17.140.98,192.168.159.238,6,TLS,1394,226,2024-03-27 02:42:59.819830,1711503779.819830400,,,,,,,,,,443,41624,0x0010,4789,765,TLS_Packet_Captured
226,192.168.159.238,2.17.140.98,6,TCP,54,227,2024-03-27 02:42:59.819851,1711503779.819850700,,,,,,,,,,41624,443,0x0010,765,6129,
227,2.17.140.98,192.168.159.238,6,TCP,1394,228,2024-03-27 02:42:59.822566,1711503779.822565800,,,,,,,,,,443,41624,0x0018,6129,765,
228,2.17.140.98,192.168.159.238,6,TCP,2734,229,2024-03-27 02:42:59.822566,1711503779.822565900,,,,,,,,,,443,41624,0x0018,7469,765,
229,192.168.159.238,2.17.140.98,6,TCP,54,230,2024-03-27 02:42:59.822583,1711503779.822583500,,,,,,,,,,41624,443,0x0010,765,7469,
230,192.168.159.238,2.17.140.98,6,TCP,54,231,2024-03-27 02:42:59.822616,1711503779.822616000,,,,,,,,,,41624,443,0x0010,765,10149,
231,2.17.140.98,192.168.159.238,6,TCP,2734,232,2024-03-27 02:42:59.826757,1711503779.826757100,,,,,,,,,,443,41624,0x0018,10149,765,
232,2.17.140.98,192.168.159.238,6,TCP,2734,233,2024-03-27 02:42:59.826757,1711503779.826757300,,,,,,,,,,443,41624,0x0018,12829,765,
233,192.168.159.238,2.17.140.98,6,TCP,54,234,2024-03-27 02:42:59.826776,1711503779.826775700,,,,,,,,,,41624,443,0x0010,765,12829,
234,192.168.159.238,2.17.140.98,6,TCP,54,235,2024-03-27 02:42:59.826807,1711503779.826806800,,,,,,,,,,41624,443,0x0010,765,15509,
235,2.17.140.98,192.168.159.238,6,TCP,2734,236,2024-03-27 02:42:59.831013,1711503779.831012700,,,,,,,,,,443,41624,0x0018,15509,765,
236,2.17.140.98,192.168.159.238,6,TCP,2734,237,2024-03-27 02:42:59.831013,1711503779.831012800,,,,,,,,,,443,41624,0x0018,18189,765,
237,192.168.159.238,2.17.140.98,6,TCP,54,238,2024-03-27 02:42:59.831032,1711503779.831031900,,,,,,,,,,41624,443,0x0010,765,18189,
238,192.168.159.238,2.17.140.98,6,TCP,54,239,2024-03-27 02:42:59.831111,1711503779.831111300,,,,,,,,,,41624,443,0x0010,765,20869,
239,2.17.140.98,192.168.159.238,6,TLS,2734,240,2024-03-27 02:42:59.834415,1711503779.834415300,,,,,,,,,,443,41624,0x0018,20869,765,TLS_Packet_Captured
240,2.17.140.98,192.168.159.238,6,TCP,2734,241,2024-03-27 02:42:59.834415,1711503779.834415500,,,,,,,,,,443,41624,0x0018,23549,765,
241,192.168.159.238,2.17.140.98,6,TCP,54,242,2024-03-27 02:42:59.834435,1711503779.834434500,,,,,,,,,,41624,443,0x0010,765,23549,
242,192.168.159.238,2.17.140.98,6,TCP,54,243,2024-03-27 02:42:59.834516,1711503779.834516000,,,,,,,,,,41624,443,0x0010,765,26229,
243,2.17.140.98,192.168.159.238,6,TCP,2734,244,2024-03-27 02:42:59.836801,1711503779.836800700,,,,,,,,,,443,41624,0x0018,26229,765,
244,192.168.159.238,2.17.140.98,6,TCP,54,245,2024-03-27 02:42:59.836818,1711503779.836818200,,,,,,,,,,41624,443,0x0010,765,28909,
245,2.17.140.98,192.168.159.238,6,TLS,1394,246,2024-03-27 02:42:59.849067,1711503779.849067300,,,,,,,,,,443,41624,0x0010,28909,765,TLS_Packet_Captured
246,2.17.140.98,192.168.159.238,6,TCP,1394,247,2024-03-27 02:42:59.857631,1711503779.857630900,,,,,,,,,,443,41624,0x0018,30249,765,
247,2.17.140.98,192.168.159.238,6,TCP,2734,248,2024-03-27 02:42:59.857631,1711503779.857631300,,,,,,,,,,443,41624,0x0018,31589,765,
248,2.17.140.98,192.168.159.238,6,TCP,2734,249,2024-03-27 02:42:59.857631,1711503779.857631300,,,,,,,,,,443,41624,0x0018,34269,765,
249,192.168.159.238,2.17.140.98,6,TCP,54,250,2024-03-27 02:42:59.857654,1711503779.857653700,,,,,,,,,,41624,443,0x0010,765,31589,
250,192.168.159.238,2.17.140.98,6,TCP,54,251,2024-03-27 02:42:59.857779,1711503779.857779200,,,,,,,,,,41624,443,0x0010,765,36949,
251,2.17.140.98,192.168.159.238,6,TCP,2734,252,2024-03-27 02:42:59.857814,1711503779.857813500,,,,,,,,,,443,41624,0x0018,36949,765,
252,2.17.140.98,192.168.159.238,6,TCP,1394,253,2024-03-27 02:42:59.857814,1711503779.857813600,,,,,,,,,,443,41624,0x0010,39629,765,
253,192.168.159.238,2.17.140.98,6,TCP,54,254,2024-03-27 02:42:59.857893,1711503779.857892900,,,,,,,,,,41624,443,0x0010,765,40969,
254,2.17.140.98,192.168.159.238,6,TCP,1394,255,2024-03-27 02:42:59.860899,1711503779.860898900,,,,,,,,,,443,41624,0x0018,40969,765,
255,2.17.140.98,192.168.159.238,6,TCP,1394,256,2024-03-27 02:42:59.860899,1711503779.860899100,,,,,,,,,,443,41624,0x0010,42309,765,
256,192.168.159.238,2.17.140.98,6,TCP,54,257,2024-03-27 02:42:59.860996,1711503779.860995600,,,,,,,,,,41624,443,0x0010,765,43649,
257,2.17.140.98,192.168.159.238,6,TCP,1394,258,2024-03-27 02:42:59.861270,1711503779.861269700,,,,,,,,,,443,41624,0x0018,43649,765,
258,2.17.140.98,192.168.159.238,6,TLS,2734,259,2024-03-27 02:42:59.861270,1711503779.861269800,,,,,,,,,,443,41624,0x0018,44989,765,TLS_Packet_Captured
259,192.168.159.238,2.17.140.98,6,TCP,54,260,2024-03-27 02:42:59.861348,1711503779.861347800,,,,,,,,,,41624,443,0x0010,765,47669,
260,2.17.140.98,192.168.159.238,6,TCP,1394,261,2024-03-27 02:42:59.868096,1711503779.868096200,,,,,,,,,,443,41624,0x0010,47669,765,
261,2.17.140.98,192.168.159.238,6,TCP,1394,262,2024-03-27 02:42:59.873118,1711503779.873117900,,,,,,,,,,443,41624,0x0018,49009,765,
262,2.17.140.98,192.168.159.238,6,TLS,2565,263,2024-03-27 02:42:59.873118,1711503779.873118100,,,,,,,,,,443,41624,0x0018,50349,765,TLS_Packet_Captured
263,192.168.159.238,2.17.140.98,6,TCP,54,264,2024-03-27 02:42:59.873135,1711503779.873135200,,,,,,,,,,41624,443,0x0010,765,50349,
264,192.168.159.238,2.17.140.98,6,TCP,54,265,2024-03-27 02:42:59.873211,1711503779.873211500,,,,,,,,,,41624,443,0x0010,765,52860,
265,192.168.159.238,2.17.140.98,6,TCP,54,266,2024-03-27 02:42:59.873612,1711503779.873612400,,,,,,,,,,41622,443,0x0011,765,52860,
266,192.168.159.238,192.168.144.1,17,DNS,74,267,2024-03-27 02:42:59.874948,1711503779.874948200,www.abc.net.au,,1,0x0001,1,0,0,56837,53,,,,,,
267,192.168.159.238,192.168.144.1,17,DNS,74,268,2024-03-27 02:42:59.874951,1711503779.874951200,www.abc.net.au,,28,0x0001,1,0,0,56837,53,,,,,,
268,192.168.144.1,192.168.159.238,17,DNS,228,269,2024-03-27 02:42:59.875839,1711503779.875839500,www.abc.net.au,www.abc.net.au,1,0x0001,1,3,0,53,56837,,,,,,
269,192.168.144.1,192.168.159.238,17,DNS,190,270,2024-03-27 02:42:59.876194,1711503779.876194000,www.abc.net.au,www.abc.net.au,28,0x0001,1,2,0,53,56837,,,,,,
270,192.168.159.238,2.17.140.98,6,TCP,74,271,2024-03-27 02:42:59.876328,1711503779.876327900,,,,,,,,,,41626,443,0x0002,0,0,
271,2.17.140.98,192.168.159.238,6,TLS,78,272,2024-03-27 02:42:59.918814,1711503779.918814100,,,,,,,,,,443,41622,0x0018,52860,766,TLS_Packet_Captured
272,2.17.140.98,192.168.159.238,6,TCP,54,273,2024-03-27 02:42:59.918814,1711503779.918814200,,,,,,,,,,443,41622,0x0011,52884,766,
273,192.168.159.238,2.17.140.98,6,TCP,54,274,2024-03-27 02:42:59.918839,1711503779.918838600,,,,,,,,,,41622,443,0x0004,766,0,
274,192.168.159.238,2.17.140.98,6,TCP,54,275,2024-03-27 02:42:59.918845,1711503779.918845500,,,,,,,,,,41622,443,0x0004,766,0,
275,2.17.140.98,192.168.159.238,6,TCP,66,276,2024-03-27 02:42:59.921479,1711503779.921478500,,,,,,,,,,443,41626,0x0012,0,1,
276,192.168.159.238,2.17.140.98,6,TCP,54,277,2024-03-27 02:42:59.921523,1711503779.921522600,,,,,,,,,,41626,443,0x0010,1,1,
277,192.168.159.238,2.17.140.98,6,TLS,571,278,2024-03-27 02:42:59.984796,1711503779.984796300,,,,,,,,,,41626,443,0x0018,1,1,TLS_Packet_Captured
278,2.17.140.98,192.168.159.238,6,TCP,54,279,2024-03-27 02:43:00.042556,1711503780.042555600,,,,,,,,,,443,41626,0x0010,1,518,
279,2.17.140.98,192.168.159.238,6,TLS,1394,280,2024-03-27 02:43:00.042556,1711503780.042555800,,,,,,,,,,443,41626,0x0010,1,518,TLS_Packet_Captured
280,192.168.159.238,2.17.140.98,6,TCP,54,281,2024-03-27 02:43:00.042577,1711503780.042577100,,,,,,,,,,41626,443,0x0010,518,1341,
281,2.17.140.98,192.168.159.238,6,TCP,1394,282,2024-03-27 02:43:00.042699,1711503780.042699100,,,,,,,,,,443,41626,0x0018,1341,518,
282,2.17.140.98,192.168.159.238,6,TLS,1470,283,2024-03-27 02:43:00.042699,1711503780.042699200,,,,,,,,,,443,41626,0x0018,2681,518,TLS_Packet_Captured
283,192.168.159.238,2.17.140.98,6,TCP,54,284,2024-03-27 02:43:00.042705,1711503780.042705100,,,,,,,,,,41626,443,0x0010,518,2681,
284,192.168.159.238,2.17.140.98,6,TCP,54,285,2024-03-27 02:43:00.042708,1711503780.042708300,,,,,,,,,,41626,443,0x0010,518,4097,
285,2.17.140.98,192.168.159.238,6,TLS,170,286,2024-03-27 02:43:00.062462,1711503780.062461700,,,,,,,,,,443,41626,0x0018,4097,518,TLS_Packet_Captured
286,192.168.159.238,2.17.140.98,6,TCP,54,287,2024-03-27 02:43:00.062476,1711503780.062475900,,,,,,,,,,41626,443,0x0010,518,4213,
287,192.168.159.238,2.17.140.98,6,TLS,134,288,2024-03-27 02:43:00.062766,1711503780.062765800,,,,,,,,,,41626,443,0x0018,518,4213,TLS_Packet_Captured
288,192.168.159.238,2.17.140.98,6,TLS,221,289,2024-03-27 02:43:00.063127,1711503780.063126900,,,,,,,,,,41626,443,0x0018,598,4213,TLS_Packet_Captured
289,2.17.140.98,192.168.159.238,6,TLS,341,290,2024-03-27 02:43:00.102643,1711503780.102642800,,,,,,,,,,443,41626,0x0018,4213,598,TLS_Packet_Captured
290,2.17.140.98,192.168.159.238,6,TLS,341,291,2024-03-27 02:43:00.102643,1711503780.102643200,,,,,,,,,,443,41626,0x0018,4500,598,TLS_Packet_Captured
291,192.168.159.238,2.17.140.98,6,TCP,54,292,2024-03-27 02:43:00.102669,1711503780.102669000,,,,,,,,,,41626,443,0x0010,765,4500,
292,192.168.159.238,2.17.140.98,6,TCP,54,293,2024-03-27 02:43:00.102701,1711503780.102700800,,,,,,,,,,41626,443,0x0010,765,4787,
293,2.17.140.98,192.168.159.238,6,TLS,1394,294,2024-03-27 02:43:00.114651,1711503780.114650800,,,,,,,,,,443,41626,0x0010,4787,765,TLS_Packet_Captured
294,192.168.159.238,2.17.140.98,6,TCP,54,295,2024-03-27 02:43:00.114671,1711503780.114670400,,,,,,,,,,41626,443,0x0010,765,6127,
295,2.17.140.98,192.168.159.238,6,TCP,1394,296,2024-03-27 02:43:00.125526,1711503780.125526100,,,,,,,,,,443,41626,0x0018,6127,765,
296,2.17.140.98,192.168.159.238,6,TCP,2734,297,2024-03-27 02:43:00.125526,1711503780.125526300,,,,,,,,,,443,41626,0x0018,7467,765,
297,2.17.140.98,192.168.159.238,6,TCP,2734,298,2024-03-27 02:43:00.125526,1711503780.125526300,,,,,,,,,,443,41626,0x0018,10147,765,
298,2.17.140.98,192.168.159.238,6,TCP,2734,299,2024-03-27 02:43:00.125526,1711503780.125526300,,,,,,,,,,443,41626,0x0018,12827,765,
299,2.17.140.98,192.168.159.238,6,TCP,2734,300,2024-03-27 02:43:00.125526,1711503780.125526400,,,,,,,,,,443,41626,0x0018,15507,765,
300,192.168.159.238,2.17.140.98,6,TCP,54,301,2024-03-27 02:43:00.125554,1711503780.125554200,,,,,,,,,,41626,443,0x0010,765,7467,
301,192.168.159.238,2.17.140.98,6,TCP,54,302,2024-03-27 02:43:00.125639,1711503780.125639000,,,,,,,,,,41626,443,0x0010,765,10147,
302,192.168.159.238,2.17.140.98,6,TCP,54,303,2024-03-27 02:43:00.125643,1711503780.125643200,,,,,,,,,,41626,443,0x0010,765,12827,
303,192.168.159.238,2.17.140.98,6,TCP,54,304,2024-03-27 02:43:00.125645,1711503780.125645300,,,,,,,,,,41626,443,0x0010,765,15507,
304,192.168.159.238,2.17.140.98,6,TCP,54,305,2024-03-27 02:43:00.125647,1711503780.125646800,,,,,,,,,,41626,443,0x0010,765,18187,
305,2.17.140.98,192.168.159.238,6,TCP,2734,306,2024-03-27 02:43:00.125651,1711503780.125650700,,,,,,,,,,443,41626,0x0018,18187,765,
306,192.168.159.238,2.17.140.98,6,TCP,54,307,2024-03-27 02:43:00.125653,1711503780.125652600,,,,,,,,,,41626,443,0x0010,765,20867,
307,2.17.140.98,192.168.159.238,6,TLS,2734,308,2024-03-27 02:43:00.127980,1711503780.127979500,,,,,,,,,,443,41626,0x0018,20867,765,TLS_Packet_Captured
308,192.168.159.238,2.17.140.98,6,TCP,54,309,2024-03-27 02:43:00.127996,1711503780.127996200,,,,,,,,,,41626,443,0x0010,765,23547,
309,2.17.140.98,192.168.159.238,6,TCP,2734,310,2024-03-27 02:43:00.128228,1711503780.128228500,,,,,,,,,,443,41626,0x0018,23547,765,
310,2.17.140.98,192.168.159.238,6,TCP,1394,311,2024-03-27 02:43:00.128229,1711503780.128228600,,,,,,,,,,443,41626,0x0010,26227,765,
311,2.17.140.98,192.168.159.238,6,TCP,1394,312,2024-03-27 02:43:00.130228,1711503780.130227500,,,,,,,,,,443,41626,0x0018,27567,765,
312,192.168.159.238,2.17.140.98,6,TCP,54,313,2024-03-27 02:43:00.133368,1711503780.133368000,,,,,,,,,,41626,443,0x0010,765,28907,
313,2.17.140.98,192.168.159.238,6,TLS,1394,314,2024-03-27 02:43:00.136234,1711503780.136233800,,,,,,,,,,443,41626,0x0010,28907,765,TLS_Packet_Captured
314,2.17.140.98,192.168.159.238,6,TCP,1394,315,2024-03-27 02:43:00.140800,1711503780.140799500,,,,,,,,,,443,41626,0x0018,30247,765,
315,2.17.140.98,192.168.159.238,6,TCP,1394,316,2024-03-27 02:43:00.140800,1711503780.140799800,,,,,,,,,,443,41626,0x0010,31587,765,
316,192.168.159.238,2.17.140.98,6,TCP,54,317,2024-03-27 02:43:00.140828,1711503780.140828200,,,,,,,,,,41626,443,0x0010,765,31587,
317,2.17.140.98,192.168.159.238,6,TCP,1394,318,2024-03-27 02:43:00.140963,1711503780.140963100,,,,,,,,,,443,41626,0x0018,32927,765,
318,2.17.140.98,192.168.159.238,6,TCP,1394,319,2024-03-27 02:43:00.140963,1711503780.140963200,,,,,,,,,,443,41626,0x0010,34267,765,
319,192.168.159.238,2.17.140.98,6,TCP,54,320,2024-03-27 02:43:00.140970,1711503780.140970000,,,,,,,,,,41626,443,0x0010,765,34267,
320,2.17.140.98,192.168.159.238,6,TCP,1394,321,2024-03-27 02:43:00.141208,1711503780.141207800,,,,,,,,,,443,41626,0x0018,35607,765,
321,192.168.159.238,2.17.140.98,6,TCP,54,322,2024-03-27 02:43:00.141213,1711503780.141213500,,,,,,,,,,41626,443,0x0010,765,36947,
322,2.17.140.98,192.168.159.238,6,TCP,2734,323,2024-03-27 02:43:00.147827,1711503780.147827500,,,,,,,,,,443,41626,0x0018,36947,765,
323,192.168.159.238,2.17.140.98,6,TCP,54,324,2024-03-27 02:43:00.147942,1711503780.147941800,,,,,,,,,,41626,443,0x0010,765,39627,
324,2.17.140.98,192.168.159.238,6,TCP,2734,325,2024-03-27 02:43:00.148043,1711503780.148042600,,,,,,,,,,443,41626,0x0018,39627,765,
325,192.168.159.238,2.17.140.98,6,TCP,54,326,2024-03-27 02:43:00.148070,1711503780.148069900,,,,,,,,,,41626,443,0x0010,765,42307,
326,2.17.140.98,192.168.159.238,6,TCP,2734,327,2024-03-27 02:43:00.150232,1711503780.150231500,,,,,,,,,,443,41626,0x0018,42307,765,
327,192.168.159.238,2.17.140.98,6,TCP,54,328,2024-03-27 02:43:00.150316,1711503780.150316200,,,,,,,,,,41626,443,0x0010,765,44987,
328,2.17.140.98,192.168.159.238,6,TLS,2734,329,2024-03-27 02:43:00.151663,1711503780.151663300,,,,,,,,,,443,41626,0x0018,44987,765,TLS_Packet_Captured
329,2.17.140.98,192.168.159.238,6,TCP,1394,330,2024-03-27 02:43:00.151663,1711503780.151663400,,,,,,,,,,443,41626,0x0010,47667,765,
330,192.168.159.238,2.17.140.98,6,TCP,54,331,2024-03-27 02:43:00.151742,1711503780.151741500,,,,,,,,,,41626,443,0x0010,765,49007,
331,2.17.140.98,192.168.159.238,6,TCP,1394,332,2024-03-27 02:43:00.154615,1711503780.154614800,,,,,,,,,,443,41626,0x0018,49007,765,
332,2.17.140.98,192.168.159.238,6,TLS,2566,333,2024-03-27 02:43:00.154615,1711503780.154615000,,,,,,,,,,443,41626,0x0018,50347,765,TLS_Packet_Captured
333,192.168.159.238,2.17.140.98,6,TCP,54,334,2024-03-27 02:43:00.154780,1711503780.154780300,,,,,,,,,,41626,443,0x0010,765,52859,
334,192.168.159.238,2.17.140.98,6,TCP,54,335,2024-03-27 02:43:00.159152,1711503780.159151500,,,,,,,,,,41624,443,0x0011,765,52860,
335,192.168.159.238,192.168.144.1,17,DNS,74,336,2024-03-27 02:43:00.161092,1711503780.161092200,www.abc.net.au,,1,0x0001,1,0,0,49333,53,,,,,,
336,192.168.159.238,192.168.144.1,17,DNS,74,337,2024-03-27 02:43:00.161099,1711503780.161098600,www.abc.net.au,,28,0x0001,1,0,0,49333,53,,,,,,
337,192.168.144.1,192.168.159.238,17,DNS,228,338,2024-03-27 02:43:00.162087,1711503780.162087300,www.abc.net.au,www.abc.net.au,1,0x0001,1,3,0,53,49333,,,,,,
338,192.168.144.1,192.168.159.238,17,DNS,190,339,2024-03-27 02:43:00.162459,1711503780.162459200,www.abc.net.au,www.abc.net.au,28,0x0001,1,2,0,53,49333,,,,,,
339,192.168.159.238,2.17.140.98,6,TCP,74,340,2024-03-27 02:43:00.163168,1711503780.163168200,,,,,,,,,,41628,443,0x0002,0,0,
340,2.17.140.98,192.168.159.238,6,TLS,78,341,2024-03-27 02:43:00.202002,1711503780.202001600,,,,,,,,,,443,41624,0x0018,52860,766,TLS_Packet_Captured
341,2.17.140.98,192.168.159.238,6,TCP,54,342,2024-03-27 02:43:00.202002,1711503780.202001800,,,,,,,,,,443,41624,0x0011,52884,766,
342,192.168.159.238,2.17.140.98,6,TCP,54,343,2024-03-27 02:43:00.202030,1711503780.202029800,,,,,,,,,,41624,443,0x0004,766,0,
343,192.168.159.238,2.17.140.98,6,TCP,54,344,2024-03-27 02:43:00.202037,1711503780.202037300,,,,,,,,,,41624,443,0x0004,766,0,
344,2.17.140.98,192.168.159.238,6,TCP,66,345,2024-03-27 02:43:00.212147,1711503780.212146800,,,,,,,,,,443,41628,0x0012,0,1,
345,192.168.159.238,2.17.140.98,6,TCP,54,346,2024-03-27 02:43:00.212175,1711503780.212175200,,,,,,,,,,41628,443,0x0010,1,1,
346,192.168.159.238,2.17.140.98,6,TLS,571,347,2024-03-27 02:43:00.275217,1711503780.275217000,,,,,,,,,,41628,443,0x0018,1,1,TLS_Packet_Captured
347,2.17.140.98,192.168.159.238,6,TLS,2734,348,2024-03-27 02:43:00.330133,1711503780.330133200,,,,,,,,,,443,41628,0x0018,1,518,TLS_Packet_Captured
348,192.168.159.238,2.17.140.98,6,TCP,54,349,2024-03-27 02:43:00.330157,1711503780.330156600,,,,,,,,,,41628,443,0x0010,518,2681,
349,2.17.140.98,192.168.159.238,6,TLS,1470,350,2024-03-27 02:43:00.330611,1711503780.330610600,,,,,,,,,,443,41628,0x0018,2681,518,TLS_Packet_Captured
350,192.168.159.238,2.17.140.98,6,TCP,54,351,2024-03-27 02:43:00.330618,1711503780.330618100,,,,,,,,,,41628,443,0x0010,518,4097,
351,2.17.140.98,192.168.159.238,6,TCP,54,352,2024-03-27 02:43:00.332413,1711503780.332413000,,,,,,,,,,443,41628,0x0010,1,518,
352,192.168.159.238,2.17.140.98,6,TCP,54,353,2024-03-27 02:43:00.332423,1711503780.332423100,,,,,,,,,,41628,443,0x0010,518,4097,
353,2.17.140.98,192.168.159.238,6,TLS,170,354,2024-03-27 02:43:00.352425,1711503780.352424800,,,,,,,,,,443,41628,0x0018,4097,518,TLS_Packet_Captured
354,192.168.159.238,2.17.140.98,6,TCP,54,355,2024-03-27 02:43:00.352444,1711503780.352443600,,,,,,,,,,41628,443,0x0010,518,4213,
355,192.168.159.238,2.17.140.98,6,TLS,134,356,2024-03-27 02:43:00.352768,1711503780.352767600,,,,,,,,,,41628,443,0x0018,518,4213,TLS_Packet_Captured
356,192.168.159.238,2.17.140.98,6,TLS,221,357,2024-03-27 02:43:00.352960,1711503780.352960200,,,,,,,,,,41628,443,0x0018,598,4213,TLS_Packet_Captured
357,2.17.140.98,192.168.159.238,6,TLS,341,358,2024-03-27 02:43:00.392067,1711503780.392067100,,,,,,,,,,443,41628,0x0018,4213,598,TLS_Packet_Captured
358,2.17.140.98,192.168.159.238,6,TLS,341,359,2024-03-27 02:43:00.392067,1711503780.392067200,,,,,,,,,,443,41628,0x0018,4500,598,TLS_Packet_Captured
359,192.168.159.238,2.17.140.98,6,TCP,54,360,2024-03-27 02:43:00.392091,1711503780.392090700,,,,,,,,,,41628,443,0x0010,765,4500,
360,192.168.159.238,2.17.140.98,6,TCP,54,361,2024-03-27 02:43:00.392100,1711503780.392099900,,,,,,,,,,41628,443,0x0010,765,4787,
361,2.17.140.98,192.168.159.238,6,TLS,1394,362,2024-03-27 02:43:00.408163,1711503780.408162700,,,,,,,,,,443,41628,0x0010,4787,765,TLS_Packet_Captured
362,192.168.159.238,2.17.140.98,6,TCP,54,363,2024-03-27 02:43:00.408183,1711503780.408183000,,,,,,,,,,41628,443,0x0010,765,6127,
363,2.17.140.98,192.168.159.238,6,TCP,1394,364,2024-03-27 02:43:00.410359,1711503780.410359300,,,,,,,,,,443,41628,0x0018,6127,765,
364,2.17.140.98,192.168.159.238,6,TCP,2734,365,2024-03-27 02:43:00.410359,1711503780.410359500,,,,,,,,,,443,41628,0x0018,7467,765,
365,192.168.159.238,2.17.140.98,6,TCP,54,366,2024-03-27 02:43:00.410378,1711503780.410377400,,,,,,,,,,41628,443,0x0010,765,7467,
366,192.168.159.238,2.17.140.98,6,TCP,54,367,2024-03-27 02:43:00.410388,1711503780.410388300,,,,,,,,,,41628,443,0x0010,765,10147,
367,2.17.140.98,192.168.159.238,6,TCP,2734,368,2024-03-27 02:43:00.410639,1711503780.410638500,,,,,,,,,,443,41628,0x0018,10147,765,
368,2.17.140.98,192.168.159.238,6,TCP,2734,369,2024-03-27 02:43:00.410639,1711503780.410638600,,,,,,,,,,443,41628,0x0018,12827,765,
369,2.17.140.98,192.168.159.238,6,TCP,1394,370,2024-03-27 02:43:00.410639,1711503780.410638600,,,,,,,,,,443,41628,0x0010,15507,765,
370,192.168.159.238,2.17.140.98,6,TCP,54,371,2024-03-27 02:43:00.410652,1711503780.410651900,,,,,,,,,,41628,443,0x0010,765,12827,
371,192.168.159.238,2.17.140.98,6,TCP,54,372,2024-03-27 02:43:00.410659,1711503780.410658600,,,,,,,,,,41628,443,0x0010,765,15507,
372,192.168.159.238,2.17.140.98,6,TCP,54,373,2024-03-27 02:43:00.410661,1711503780.410661100,,,,,,,,,,41628,443,0x0010,765,16847,
373,2.17.140.98,192.168.159.238,6,TCP,1394,374,2024-03-27 02:43:00.412574,1711503780.412574400,,,,,,,,,,443,41628,0x0018,16847,765,
374,2.17.140.98,192.168.159.238,6,TCP,2734,375,2024-03-27 02:43:00.412575,1711503780.412574700,,,,,,,,,,443,41628,0x0018,18187,765,
375,2.17.140.98,192.168.159.238,6,TLS,1394,376,2024-03-27 02:43:00.412575,1711503780.412574800,,,,,,,,,,443,41628,0x0010,20867,765,TLS_Packet_Captured
376,192.168.159.238,2.17.140.98,6,TCP,54,377,2024-03-27 02:43:00.412594,1711503780.412593900,,,,,,,,,,41628,443,0x0010,765,18187,
377,192.168.159.238,2.17.140.98,6,TCP,54,378,2024-03-27 02:43:00.412605,1711503780.412604500,,,,,,,,,,41628,443,0x0010,765,20867,
378,2.17.140.98,192.168.159.238,6,TCP,1394,379,2024-03-27 02:43:00.419774,1711503780.419773500,,,,,,,,,,443,41628,0x0018,22207,765,
379,2.17.140.98,192.168.159.238,6,TCP,2734,380,2024-03-27 02:43:00.419774,1711503780.419773700,,,,,,,,,,443,41628,0x0018,23547,765,
380,192.168.159.238,2.17.140.98,6,TCP,54,381,2024-03-27 02:43:00.419792,1711503780.419792500,,,,,,,,,,41628,443,0x0010,765,23547,
381,192.168.159.238,2.17.140.98,6,TCP,54,382,2024-03-27 02:43:00.419814,1711503780.419814400,,,,,,,,,,41628,443,0x0010,765,26227,
382,2.17.140.98,192.168.159.238,6,TCP,2734,383,2024-03-27 02:43:00.420141,1711503780.420140700,,,,,,,,,,443,41628,0x0018,26227,765,
383,192.168.159.238,2.17.140.98,6,TCP,54,384,2024-03-27 02:43:00.420163,1711503780.420163200,,,,,,,,,,41628,443,0x0010,765,28907,
384,2.17.140.98,192.168.159.238,6,TLS,2734,385,2024-03-27 02:43:00.432630,1711503780.432630000,,,,,,,,,,443,41628,0x0018,28907,765,TLS_Packet_Captured
385,2.17.140.98,192.168.159.238,6,TCP,2734,386,2024-03-27 02:43:00.432630,1711503780.432630200,,,,,,,,,,443,41628,0x0018,31587,765,
386,2.17.140.98,192.168.159.238,6,TCP,2734,387,2024-03-27 02:43:00.432630,1711503780.432630200,,,,,,,,,,443,41628,0x0018,34267,765,
387,192.168.159.238,2.17.140.98,6,TCP,54,388,2024-03-27 02:43:00.432667,1711503780.432667200,,,,,,,,,,41628,443,0x0010,765,36947,
388,2.17.140.98,192.168.159.238,6,TCP,1394,389,2024-03-27 02:43:00.442500,1711503780.442499900,,,,,,,,,,443,41628,0x0010,36947,765,
389,2.17.140.98,192.168.159.238,6,TCP,1394,390,2024-03-27 02:43:00.444763,1711503780.444762700,,,,,,,,,,443,41628,0x0018,38287,765,
390,192.168.159.238,2.17.140.98,6,TCP,54,391,2024-03-27 02:43:00.444773,1711503780.444772800,,,,,,,,,,41628,443,0x0010,765,39627,
391,2.17.140.98,192.168.159.238,6,TCP,1394,392,2024-03-27 02:43:00.454256,1711503780.454256000,,,,,,,,,,443,41628,0x0010,39627,765,
392,2.17.140.98,192.168.159.238,6,TCP,1394,393,2024-03-27 02:43:00.458115,1711503780.458115000,,,,,,,,,,443,41628,0x0018,40967,765,
393,2.17.140.98,192.168.159.238,6,TCP,2734,394,2024-03-27 02:43:00.458115,1711503780.458115100,,,,,,,,,,443,41628,0x0018,42307,765,
394,2.17.140.98,192.168.159.238,6,TLS,2734,395,2024-03-27 02:43:00.458115,1711503780.458115200,,,,,,,,,,443,41628,0x0018,44987,765,TLS_Packet_Captured
395,2.17.140.98,192.168.159.238,6,TCP,2734,396,2024-03-27 02:43:00.458115,1711503780.458115200,,,,,,,,,,443,41628,0x0018,47667,765,
396,2.17.140.98,192.168.159.238,6,TLS,2566,397,2024-03-27 02:43:00.458115,1711503780.458115200,,,,,,,,,,443,41628,0x0018,50347,765,TLS_Packet_Captured
397,192.168.159.238,2.17.140.98,6,TCP,54,398,2024-03-27 02:43:00.458130,1711503780.458130300,,,,,,,,,,41628,443,0x0010,765,42307,
398,192.168.159.238,2.17.140.98,6,TCP,54,399,2024-03-27 02:43:00.458149,1711503780.458149100,,,,,,,,,,41628,443,0x0010,765,52859,
399,192.168.159.238,2.17.140.98,6,TCP,54,400,2024-03-27 02:43:00.462700,1711503780.462700200,,,,,,,,,,41626,443,0x0011,765,52859,
400,192.168.159.238,192.168.144.1,17,DNS,74,401,2024-03-27 02:43:00.464147,1711503780.464146800,www.abc.net.au,,1,0x0001,1,0,0,45671,53,,,,,,
401,192.168.159.238,192.168.144.1,17,DNS,74,402,2024-03-27 02:43:00.464151,1711503780.464150700,www.abc.net.au,,28,0x0001,1,0,0,45671,53,,,,,,
402,192.168.144.1,192.168.159.238,17,DNS,228,403,2024-03-27 02:43:00.465155,1711503780.465154700,www.abc.net.au,www.abc.net.au,1,0x0001,1,3,0,53,45671,,,,,,
403,192.168.144.1,192.168.159.238,17,DNS,190,404,2024-03-27 02:43:00.465406,1711503780.465405900,www.abc.net.au,www.abc.net.au,28,0x0001,1,2,0,53,45671,,,,,,
404,192.168.159.238,2.17.140.98,6,TCP,74,405,2024-03-27 02:43:00.466152,1711503780.466152500,,,,,,,,,,41630,443,0x0002,0,0,
405,2.17.140.98,192.168.159.238,6,TLS,78,406,2024-03-27 02:43:00.512260,1711503780.512260400,,,,,,,,,,443,41626,0x0018,52859,766,TLS_Packet_Captured
406,2.17.140.98,192.168.159.238,6,TCP,54,407,2024-03-27 02:43:00.512260,1711503780.512260500,,,,,,,,,,443,41626,0x0011,52883,766,
407,192.168.159.238,2.17.140.98,6,TCP,54,408,2024-03-27 02:43:00.512286,1711503780.512285900,,,,,,,,,,41626,443,0x0004,766,0,
408,192.168.159.238,2.17.140.98,6,TCP,54,409,2024-03-27 02:43:00.512292,1711503780.512292500,,,,,,,,,,41626,443,0x0004,766,0,
409,2.17.140.98,192.168.159.238,6,TCP,66,410,2024-03-27 02:43:00.522293,1711503780.522293400,,,,,,,,,,443,41630,0x0012,0,1,
410,192.168.159.238,2.17.140.98,6,TCP,54,411,2024-03-27 02:43:00.522333,1711503780.522333100,,,,,,,,,,41630,443,0x0010,1,1,
411,192.168.159.238,2.17.140.98,6,TLS,571,412,2024-03-27 02:43:00.579279,1711503780.579279000,,,,,,,,,,41630,443,0x0018,1,1,TLS_Packet_Captured
412,2.17.140.98,192.168.159.238,6,TCP,54,413,2024-03-27 02:43:00.642104,1711503780.642104100,,,,,,,,,,443,41630,0x0010,1,518,
413,2.17.140.98,192.168.159.238,6,TLS,2734,414,2024-03-27 02:43:00.646714,1711503780.646714000,,,,,,,,,,443,41630,0x0018,1,518,TLS_Packet_Captured
414,192.168.159.238,2.17.140.98,6,TCP,54,415,2024-03-27 02:43:00.646746,1711503780.646746200,,,,,,,,,,41630,443,0x0010,518,2681,
415,2.17.140.98,192.168.159.238,6,TLS,1470,416,2024-03-27 02:43:00.646922,1711503780.646922000,,,,,,,,,,443,41630,0x0018,2681,518,TLS_Packet_Captured
416,192.168.159.238,2.17.140.98,6,TCP,54,417,2024-03-27 02:43:00.646929,1711503780.646928900,,,,,,,,,,41630,443,0x0010,518,4097,
417,2.17.140.98,192.168.159.238,6,TLS,171,418,2024-03-27 02:43:00.677195,1711503780.677194800,,,,,,,,,,443,41630,0x0018,4097,518,TLS_Packet_Captured
418,192.168.159.238,2.17.140.98,6,TCP,54,419,2024-03-27 02:43:00.677210,1711503780.677209600,,,,,,,,,,41630,443,0x0010,518,4214,
419,192.168.159.238,2.17.140.98,6,TLS,134,420,2024-03-27 02:43:00.677515,1711503780.677514900,,,,,,,,,,41630,443,0x0018,518,4214,TLS_Packet_Captured
420,192.168.159.238,2.17.140.98,6,TLS,221,421,2024-03-27 02:43:00.677750,1711503780.677750100,,,,,,,,,,41630,443,0x0018,598,4214,TLS_Packet_Captured
421,2.17.140.98,192.168.159.238,6,TLS,341,422,2024-03-27 02:43:00.721849,1711503780.721848800,,,,,,,,,,443,41630,0x0018,4214,598,TLS_Packet_Captured
422,2.17.140.98,192.168.159.238,6,TLS,341,423,2024-03-27 02:43:00.721849,1711503780.721849000,,,,,,,,,,443,41630,0x0018,4501,598,TLS_Packet_Captured
423,192.168.159.238,2.17.140.98,6,TCP,54,424,2024-03-27 02:43:00.721869,1711503780.721869100,,,,,,,,,,41630,443,0x0010,765,4501,
424,192.168.159.238,2.17.140.98,6,TCP,54,425,2024-03-27 02:43:00.721895,1711503780.721894700,,,,,,,,,,41630,443,0x0010,765,4788,
425,2.17.140.98,192.168.159.238,6,TLS,1394,426,2024-03-27 02:43:00.731262,1711503780.731262000,,,,,,,,,,443,41630,0x0010,4788,765,TLS_Packet_Captured
426,192.168.159.238,2.17.140.98,6,TCP,54,427,2024-03-27 02:43:00.731299,1711503780.731299100,,,,,,,,,,41630,443,0x0010,765,6128,
427,2.17.140.98,192.168.159.238,6,TCP,1394,428,2024-03-27 02:43:00.739994,1711503780.739994000,,,,,,,,,,443,41630,0x0018,6128,765,
428,2.17.140.98,192.168.159.238,6,TCP,1394,429,2024-03-27 02:43:00.739994,1711503780.739994200,,,,,,,,,,443,41630,0x0010,7468,765,
429,192.168.159.238,2.17.140.98,6,TCP,54,430,2024-03-27 02:43:00.740012,1711503780.740011600,,,,,,,,,,41630,443,0x0010,765,7468,
430,192.168.159.238,2.17.140.98,6,TCP,54,431,2024-03-27 02:43:00.740039,1711503780.740039400,,,,,,,,,,41630,443,0x0010,765,8808,
431,2.17.140.98,192.168.159.238,6,TCP,1394,432,2024-03-27 02:43:00.741975,1711503780.741974700,,,,,,,,,,443,41630,0x0018,8808,765,
432,192.168.159.238,2.17.140.98,6,TCP,54,433,2024-03-27 02:43:00.741986,1711503780.741985800,,,,,,,,,,41630,443,0x0010,765,10148,
433,2.17.140.98,192.168.159.238,6,TCP,2734,434,2024-03-27 02:43:00.742375,1711503780.742375400,,,,,,,,,,443,41630,0x0018,10148,765,
434,2.17.140.98,192.168.159.238,6,TCP,2734,435,2024-03-27 02:43:00.742376,1711503780.742375800,,,,,,,,,,443,41630,0x0018,12828,765,
435,2.17.140.98,192.168.159.238,6,TCP,2734,436,2024-03-27 02:43:00.742376,1711503780.742375800,,,,,,,,,,443,41630,0x0018,15508,765,
436,2.17.140.98,192.168.159.238,6,TCP,2734,437,2024-03-27 02:43:00.742376,1711503780.742375800,,,,,,,,,,443,41630,0x0018,18188,765,
437,192.168.159.238,2.17.140.98,6,TCP,54,438,2024-03-27 02:43:00.742384,1711503780.742383600,,,,,,,,,,41630,443,0x0010,765,12828,
438,192.168.159.238,2.17.140.98,6,TCP,54,439,2024-03-27 02:43:00.742405,1711503780.742404800,,,,,,,,,,41630,443,0x0010,765,15508,
439,192.168.159.238,2.17.140.98,6,TCP,54,440,2024-03-27 02:43:00.742409,1711503780.742408700,,,,,,,,,,41630,443,0x0010,765,18188,
440,192.168.159.238,2.17.140.98,6,TCP,54,441,2024-03-27 02:43:00.742410,1711503780.742410200,,,,,,,,,,41630,443,0x0010,765,20868,
441,2.17.140.98,192.168.159.238,6,TLS,2734,442,2024-03-27 02:43:00.742412,1711503780.742412300,,,,,,,,,,443,41630,0x0018,20868,765,TLS_Packet_Captured
442,192.168.159.238,2.17.140.98,6,TCP,54,443,2024-03-27 02:43:00.742414,1711503780.742414400,,,,,,,,,,41630,443,0x0010,765,23548,
443,2.17.140.98,192.168.159.238,6,TCP,2734,444,2024-03-27 02:43:00.745205,1711503780.745205500,,,,,,,,,,443,41630,0x0018,23548,765,
444,2.17.140.98,192.168.159.238,6,TCP,1394,445,2024-03-27 02:43:00.745206,1711503780.745205600,,,,,,,,,,443,41630,0x0010,26228,765,
445,192.168.159.238,2.17.140.98,6,TCP,54,446,2024-03-27 02:43:00.745264,1711503780.745263800,,,,,,,,,,41630,443,0x0010,765,27568,
446,2.17.140.98,192.168.159.238,6,TCP,1394,447,2024-03-27 02:43:00.751964,1711503780.751963800,,,,,,,,,,443,41630,0x0018,27568,765,
447,2.17.140.98,192.168.159.238,6,TLS,1394,448,2024-03-27 02:43:00.758616,1711503780.758616100,,,,,,,,,,443,41630,0x0010,28908,765,TLS_Packet_Captured
448,192.168.159.238,2.17.140.98,6,TCP,54,449,2024-03-27 02:43:00.758624,1711503780.758624000,,,,,,,,,,41630,443,0x0010,765,30248,
449,2.17.140.98,192.168.159.238,6,TCP,1394,450,2024-03-27 02:43:00.761005,1711503780.761005400,,,,,,,,,,443,41630,0x0018,30248,765,
450,2.17.140.98,192.168.159.238,6,TCP,1394,451,2024-03-27 02:43:00.761005,1711503780.761005400,,,,,,,,,,443,41630,0x0010,31588,765,
451,192.168.159.238,2.17.140.98,6,TCP,54,452,2024-03-27 02:43:00.761076,1711503780.761075900,,,,,,,,,,41630,443,0x0010,765,32928,
452,2.17.140.98,192.168.159.238,6,TCP,1394,453,2024-03-27 02:43:00.761302,1711503780.761302300,,,,,,,,,,443,41630,0x0018,32928,765,
453,2.17.140.98,192.168.159.238,6,TCP,2734,454,2024-03-27 02:43:00.763091,1711503780.763091400,,,,,,,,,,443,41630,0x0018,34268,765,
454,192.168.159.238,2.17.140.98,6,TCP,54,455,2024-03-27 02:43:00.763158,1711503780.763157600,,,,,,,,,,41630,443,0x0010,765,36948,
455,2.17.140.98,192.168.159.238,6,TCP,2734,456,2024-03-27 02:43:00.769013,1711503780.769013500,,,,,,,,,,443,41630,0x0018,36948,765,
456,192.168.159.238,2.17.140.98,6,TCP,54,457,2024-03-27 02:43:00.769081,1711503780.769080600,,,,,,,,,,41630,443,0x0010,765,39628,
457,2.17.140.98,192.168.159.238,6,TCP,2734,458,2024-03-27 02:43:00.771358,1711503780.771358200,,,,,,,,,,443,41630,0x0018,39628,765,
458,192.168.159.238,2.17.140.98,6,TCP,54,459,2024-03-27 02:43:00.771425,1711503780.771424900,,,,,,,,,,41630,443,0x0010,765,42308,
459,2.17.140.98,192.168.159.238,6,TCP,2734,460,2024-03-27 02:43:00.771548,1711503780.771548100,,,,,,,,,,443,41630,0x0018,42308,765,
460,192.168.159.238,2.17.140.98,6,TCP,54,461,2024-03-27 02:43:00.771616,1711503780.771615600,,,,,,,,,,41630,443,0x0010,765,44988,
461,2.17.140.98,192.168.159.238,6,TLS,2734,462,2024-03-27 02:43:00.772440,1711503780.772440200,,,,,,,,,,443,41630,0x0018,44988,765,TLS_Packet_Captured
462,2.17.140.98,192.168.159.238,6,TCP,1394,463,2024-03-27 02:43:00.772440,1711503780.772440300,,,,,,,,,,443,41630,0x0010,47668,765,
463,192.168.159.238,2.17.140.98,6,TCP,54,464,2024-03-27 02:43:00.772511,1711503780.772511400,,,,,,,,,,41630,443,0x0010,765,49008,
464,2.17.140.98,192.168.159.238,6,TCP,1394,465,2024-03-27 02:43:00.774080,1711503780.774079500,,,,,,,,,,443,41630,0x0018,49008,765,
465,2.17.140.98,192.168.159.238,6,TCP,1394,466,2024-03-27 02:43:00.774080,1711503780.774079600,,,,,,,,,,443,41630,0x0010,50348,765,
466,192.168.159.238,2.17.140.98,6,TCP,54,467,2024-03-27 02:43:00.774103,1711503780.774103300,,,,,,,,,,41630,443,0x0010,765,51688,
467,2.17.140.98,192.168.159.238,6,TLS,1226,468,2024-03-27 02:43:00.779792,1711503780.779791600,,,,,,,,,,443,41630,0x0018,51688,765,TLS_Packet_Captured
468,192.168.159.238,2.17.140.98,6,TCP,54,469,2024-03-27 02:43:00.779870,1711503780.779869900,,,,,,,,,,41630,443,0x0010,765,52860,
469,192.168.159.238,2.17.140.98,6,TCP,54,470,2024-03-27 02:43:00.780261,1711503780.780261300,,,,,,,,,,41628,443,0x0011,765,52859,
470,192.168.159.238,192.168.144.1,17,DNS,74,471,2024-03-27 02:43:00.781630,1711503780.781630200,www.abc.net.au,,1,0x0001,1,0,0,37020,53,,,,,,
471,192.168.159.238,192.168.144.1,17,DNS,74,472,2024-03-27 02:43:00.781634,1711503780.781634200,www.abc.net.au,,28,0x0001,1,0,0,37020,53,,,,,,
472,192.168.144.1,192.168.159.238,17,DNS,228,473,2024-03-27 02:43:00.782470,1711503780.782470200,www.abc.net.au,www.abc.net.au,1,0x0001,1,3,0,53,37020,,,,,,
473,192.168.144.1,192.168.159.238,17,DNS,190,474,2024-03-27 02:43:00.782722,1711503780.782722400,www.abc.net.au,www.abc.net.au,28,0x0001,1,2,0,53,37020,,,,,,
474,192.168.159.238,2.17.140.98,6,TCP,74,475,2024-03-27 02:43:00.782867,1711503780.782867300,,,,,,,,,,41632,443,0x0002,0,0,
475,2.17.140.98,192.168.159.238,6,TLS,78,476,2024-03-27 02:43:00.819147,1711503780.819146800,,,,,,,,,,443,41628,0x0018,52859,766,TLS_Packet_Captured
476,192.168.159.238,2.17.140.98,6,TCP,54,477,2024-03-27 02:43:00.819170,1711503780.819170100,,,,,,,,,,41628,443,0x0004,766,0,
477,2.17.140.98,192.168.159.238,6,TCP,66,478,2024-03-27 02:43:00.830377,1711503780.830377400,,,,,,,,,,443,41632,0x0012,0,1,
478,2.17.140.98,192.168.159.238,6,TCP,54,479,2024-03-27 02:43:00.830377,1711503780.830377400,,,,,,,,,,443,41628,0x0011,52883,766,
479,192.168.159.238,2.17.140.98,6,TCP,54,480,2024-03-27 02:43:00.830397,1711503780.830397200,,,,,,,,,,41628,443,0x0004,766,0,
480,192.168.159.238,2.17.140.98,6,TCP,54,481,2024-03-27 02:43:00.830407,1711503780.830407200,,,,,,,,,,41632,443,0x0010,1,1,
481,192.168.159.238,2.17.140.98,6,TLS,571,482,2024-03-27 02:43:00.882987,1711503780.882987200,,,,,,,,,,41632,443,0x0018,1,1,TLS_Packet_Captured
482,2.17.140.98,192.168.159.238,6,TCP,54,483,2024-03-27 02:43:00.944398,1711503780.944398300,,,,,,,,,,443,41632,0x0010,1,518,
483,2.17.140.98,192.168.159.238,6,TLS,2734,484,2024-03-27 02:43:00.944398,1711503780.944398500,,,,,,,,,,443,41632,0x0018,1,518,TLS_Packet_Captured
484,2.17.140.98,192.168.159.238,6,TLS,1470,485,2024-03-27 02:43:00.944398,1711503780.944398500,,,,,,,,,,443,41632,0x0018,2681,518,TLS_Packet_Captured
485,192.168.159.238,2.17.140.98,6,TCP,54,486,2024-03-27 02:43:00.944420,1711503780.944419800,,,,,,,,,,41632,443,0x0010,518,2681,
486,192.168.159.238,2.17.140.98,6,TCP,54,487,2024-03-27 02:43:00.944471,1711503780.944470600,,,,,,,,,,41632,443,0x0010,518,4097,
487,2.17.140.98,192.168.159.238,6,TLS,170,488,2024-03-27 02:43:00.962440,1711503780.962439600,,,,,,,,,,443,41632,0x0018,4097,518,TLS_Packet_Captured
488,192.168.159.238,2.17.140.98,6,TCP,54,489,2024-03-27 02:43:00.962456,1711503780.962456500,,,,,,,,,,41632,443,0x0010,518,4213,
489,192.168.159.238,2.17.140.98,6,TLS,134,490,2024-03-27 02:43:00.962799,1711503780.962798500,,,,,,,,,,41632,443,0x0018,518,4213,TLS_Packet_Captured
490,192.168.159.238,2.17.140.98,6,TLS,221,491,2024-03-27 02:43:00.963414,1711503780.963414200,,,,,,,,,,41632,443,0x0018,598,4213,TLS_Packet_Captured
491,2.17.140.98,192.168.159.238,6,TLS,341,492,2024-03-27 02:43:01.005372,1711503781.005372300,,,,,,,,,,443,41632,0x0018,4213,598,TLS_Packet_Captured
492,2.17.140.98,192.168.159.238,6,TLS,341,493,2024-03-27 02:43:01.005373,1711503781.005372500,,,,,,,,,,443,41632,0x0018,4500,598,TLS_Packet_Captured
493,192.168.159.238,2.17.140.98,6,TCP,54,494,2024-03-27 02:43:01.005407,1711503781.005406700,,,,,,,,,,41632,443,0x0010,765,4500,
494,192.168.159.238,2.17.140.98,6,TCP,54,495,2024-03-27 02:43:01.005450,1711503781.005450100,,,,,,,,,,41632,443,0x0010,765,4787,
495,2.17.140.98,192.168.159.238,6,TLS,1394,496,2024-03-27 02:43:01.022707,1711503781.022707500,,,,,,,,,,443,41632,0x0010,4787,765,TLS_Packet_Captured
496,192.168.159.238,2.17.140.98,6,TCP,54,497,2024-03-27 02:43:01.022725,1711503781.022724600,,,,,,,,,,41632,443,0x0010,765,6127,
497,2.17.140.98,192.168.159.238,6,TCP,1394,498,2024-03-27 02:43:01.025630,1711503781.025629600,,,,,,,,,,443,41632,0x0018,6127,765,
498,2.17.140.98,192.168.159.238,6,TCP,2734,499,2024-03-27 02:43:01.025630,1711503781.025629600,,,,,,,,,,443,41632,0x0018,7467,765,
499,2.17.140.98,192.168.159.238,6,TCP,2734,500,2024-03-27 02:43:01.025630,1711503781.025629700,,,,,,,,,,443,41632,0x0018,10147,765,
500,2.17.140.98,192.168.159.238,6,TCP,1394,501,2024-03-27 02:43:01.025630,1711503781.025629700,,,,,,,,,,443,41632,0x0010,12827,765,
501,192.168.159.238,2.17.140.98,6,TCP,54,502,2024-03-27 02:43:01.025638,1711503781.025638400,,,,,,,,,,41632,443,0x0010,765,7467,
502,192.168.159.238,2.17.140.98,6,TCP,54,503,2024-03-27 02:43:01.025678,1711503781.025678500,,,,,,,,,,41632,443,0x0010,765,10147,
503,192.168.159.238,2.17.140.98,6,TCP,54,504,2024-03-27 02:43:01.025682,1711503781.025682000,,,,,,,,,,41632,443,0x0010,765,12827,
504,192.168.159.238,2.17.140.98,6,TCP,54,505,2024-03-27 02:43:01.025683,1711503781.025683300,,,,,,,,,,41632,443,0x0010,765,14167,
505,2.17.140.98,192.168.159.238,6,TCP,1394,506,2024-03-27 02:43:01.032202,1711503781.032202400,,,,,,,,,,443,41632,0x0018,14167,765,
506,2.17.140.98,192.168.159.238,6,TCP,1394,507,2024-03-27 02:43:01.032202,1711503781.032202500,,,,,,,,,,443,41632,0x0010,15507,765,
507,192.168.159.238,2.17.140.98,6,TCP,54,508,2024-03-27 02:43:01.032211,1711503781.032211400,,,,,,,,,,41632,443,0x0010,765,15507,
508,192.168.159.238,2.17.140.98,6,TCP,54,509,2024-03-27 02:43:01.032254,1711503781.032253500,,,,,,,,,,41632,443,0x0010,765,16847,
509,2.17.140.98,192.168.159.238,6,TCP,1394,510,2024-03-27 02:43:01.032729,1711503781.032729400,,,,,,,,,,443,41632,0x0018,16847,765,
510,2.17.140.98,192.168.159.238,6,TCP,2734,511,2024-03-27 02:43:01.032729,1711503781.032729400,,,,,,,,,,443,41632,0x0018,18187,765,
511,2.17.140.98,192.168.159.238,6,TLS,2734,512,2024-03-27 02:43:01.032729,1711503781.032729500,,,,,,,,,,443,41632,0x0018,20867,765,TLS_Packet_Captured
512,192.168.159.238,2.17.140.98,6,TCP,54,513,2024-03-27 02:43:01.032752,1711503781.032752300,,,,,,,,,,41632,443,0x0010,765,18187,
513,192.168.159.238,2.17.140.98,6,TCP,54,514,2024-03-27 02:43:01.032808,1711503781.032808000,,,,,,,,,,41632,443,0x0010,765,20867,
514,192.168.159.238,2.17.140.98,6,TCP,54,515,2024-03-27 02:43:01.032855,1711503781.032855000,,,,,,,,,,41632,443,0x0010,765,23547,
515,2.17.140.98,192.168.159.238,6,TCP,2734,516,2024-03-27 02:43:01.032971,1711503781.032971400,,,,,,,,,,443,41632,0x0018,23547,765,
516,2.17.140.98,192.168.159.238,6,TCP,2734,517,2024-03-27 02:43:01.035869,1711503781.035869400,,,,,,,,,,443,41632,0x0018,26227,765,
517,192.168.159.238,2.17.140.98,6,TCP,54,518,2024-03-27 02:43:01.037851,1711503781.037850900,,,,,,,,,,41632,443,0x0010,765,28907,
518,2.17.140.98,192.168.159.238,6,TLS,2734,519,2024-03-27 02:43:01.048507,1711503781.048507300,,,,,,,,,,443,41632,0x0018,28907,765,TLS_Packet_Captured
519,2.17.140.98,192.168.159.238,6,TCP,2734,520,2024-03-27 02:43:01.048507,1711503781.048507400,,,,,,,,,,443,41632,0x0018,31587,765,
520,192.168.159.238,2.17.140.98,6,TCP,54,521,2024-03-27 02:43:01.048522,1711503781.048521900,,,,,,,,,,41632,443,0x0010,765,31587,
521,192.168.159.238,2.17.140.98,6,TCP,54,522,2024-03-27 02:43:01.048632,1711503781.048632300,,,,,,,,,,41632,443,0x0010,765,34267,
522,2.17.140.98,192.168.159.238,6,TCP,1394,523,2024-03-27 02:43:01.048810,1711503781.048810400,,,,,,,,,,443,41632,0x0010,34267,765,
523,2.17.140.98,192.168.159.238,6,TCP,1394,524,2024-03-27 02:43:01.052636,1711503781.052636200,,,,,,,,,,443,41632,0x0018,35607,765,
524,2.17.140.98,192.168.159.238,6,TCP,1394,525,2024-03-27 02:43:01.052636,1711503781.052636300,,,,,,,,,,443,41632,0x0010,36947,765,
525,192.168.159.238,2.17.140.98,6,TCP,54,526,2024-03-27 02:43:01.052662,1711503781.052661700,,,,,,,,,,41632,443,0x0010,765,36947,
526,2.17.140.98,192.168.159.238,6,TCP,1394,527,2024-03-27 02:43:01.057976,1711503781.057975600,,,,,,,,,,443,41632,0x0018,38287,765,
527,2.17.140.98,192.168.159.238,6,TCP,1394,528,2024-03-27 02:43:01.057976,1711503781.057975600,,,,,,,,,,443,41632,0x0010,39627,765,
528,192.168.159.238,2.17.140.98,6,TCP,54,529,2024-03-27 02:43:01.057988,1711503781.057988400,,,,,,,,,,41632,443,0x0010,765,39627,
529,2.17.140.98,192.168.159.238,6,TCP,1394,530,2024-03-27 02:43:01.058275,1711503781.058274700,,,,,,,,,,443,41632,0x0018,40967,765,
530,2.17.140.98,192.168.159.238,6,TCP,2734,531,2024-03-27 02:43:01.058275,1711503781.058274700,,,,,,,,,,443,41632,0x0018,42307,765,
531,192.168.159.238,2.17.140.98,6,TCP,54,532,2024-03-27 02:43:01.058281,1711503781.058281100,,,,,,,,,,41632,443,0x0010,765,42307,
532,192.168.159.238,2.17.140.98,6,TCP,54,533,2024-03-27 02:43:01.058371,1711503781.058371300,,,,,,,,,,41632,443,0x0010,765,44987,
533,2.17.140.98,192.168.159.238,6,TLS,2734,534,2024-03-27 02:43:01.061811,1711503781.061811300,,,,,,,,,,443,41632,0x0018,44987,765,TLS_Packet_Captured
534,192.168.159.238,2.17.140.98,6,TCP,54,535,2024-03-27 02:43:01.061872,1711503781.061872300,,,,,,,,,,41632,443,0x0010,765,47667,
535,2.17.140.98,192.168.159.238,6,TCP,2734,536,2024-03-27 02:43:01.062148,1711503781.062147800,,,,,,,,,,443,41632,0x0018,47667,765,
536,2.17.140.98,192.168.159.238,6,TCP,1394,537,2024-03-27 02:43:01.062148,1711503781.062147800,,,,,,,,,,443,41632,0x0010,50347,765,
537,2.17.140.98,192.168.159.238,6,TLS,1226,538,2024-03-27 02:43:01.062311,1711503781.062311200,,,,,,,,,,443,41632,0x0018,51687,765,TLS_Packet_Captured
538,192.168.159.238,2.17.140.98,6,TCP,54,539,2024-03-27 02:43:01.064676,1711503781.064676000,,,,,,,,,,41632,443,0x0010,765,52859,
539,192.168.159.238,2.17.140.98,6,TCP,54,540,2024-03-27 02:43:01.065626,1711503781.065626500,,,,,,,,,,41630,443,0x0011,765,52860,
540,192.168.159.238,192.168.144.1,17,DNS,74,541,2024-03-27 02:43:01.067054,1711503781.067054300,www.abc.net.au,,1,0x0001,1,0,0,60313,53,,,,,,
541,192.168.159.238,192.168.144.1,17,DNS,74,542,2024-03-27 02:43:01.067058,1711503781.067058200,www.abc.net.au,,28,0x0001,1,0,0,60313,53,,,,,,
542,192.168.144.1,192.168.159.238,17,DNS,228,543,2024-03-27 02:43:01.067938,1711503781.067938100,www.abc.net.au,www.abc.net.au,1,0x0001,1,3,0,53,60313,,,,,,
543,192.168.144.1,192.168.159.238,17,DNS,190,544,2024-03-27 02:43:01.068401,1711503781.068400600,www.abc.net.au,www.abc.net.au,28,0x0001,1,2,0,53,60313,,,,,,
544,192.168.159.238,2.17.140.98,6,TCP,74,545,2024-03-27 02:43:01.069569,1711503781.069569200,,,,,,,,,,41634,443,0x0002,0,0,
545,2.17.140.98,192.168.159.238,6,TLS,78,546,2024-03-27 02:43:01.109250,1711503781.109249500,,,,,,,,,,443,41630,0x0018,52860,766,TLS_Packet_Captured
546,2.17.140.98,192.168.159.238,6,TCP,54,547,2024-03-27 02:43:01.109250,1711503781.109249900,,,,,,,,,,443,41630,0x0011,52884,766,
547,192.168.159.238,2.17.140.98,6,TCP,54,548,2024-03-27 02:43:01.109292,1711503781.109292000,,,,,,,,,,41630,443,0x0004,766,0,
548,192.168.159.238,2.17.140.98,6,TCP,54,549,2024-03-27 02:43:01.109298,1711503781.109298000,,,,,,,,,,41630,443,0x0004,766,0,
549,2.17.140.98,192.168.159.238,6,TCP,66,550,2024-03-27 02:43:01.111554,1711503781.111554100,,,,,,,,,,443,41634,0x0012,0,1,
550,192.168.159.238,2.17.140.98,6,TCP,54,551,2024-03-27 02:43:01.111587,1711503781.111586900,,,,,,,,,,41634,443,0x0010,1,1,
551,192.168.159.238,2.17.140.98,6,TLS,571,552,2024-03-27 02:43:01.164980,1711503781.164980100,,,,,,,,,,41634,443,0x0018,1,1,TLS_Packet_Captured
552,2.17.140.98,192.168.159.238,6,TLS,2734,553,2024-03-27 02:43:01.229337,1711503781.229337100,,,,,,,,,,443,41634,0x0018,1,518,TLS_Packet_Captured
553,2.17.140.98,192.168.159.238,6,TLS,1470,554,2024-03-27 02:43:01.229337,1711503781.229337300,,,,,,,,,,443,41634,0x0018,2681,518,TLS_Packet_Captured
554,192.168.159.238,2.17.140.98,6,TCP,54,555,2024-03-27 02:43:01.229383,1711503781.229382500,,,,,,,,,,41634,443,0x0010,518,2681,
555,192.168.159.238,2.17.140.98,6,TCP,54,556,2024-03-27 02:43:01.229389,1711503781.229389200,,,,,,,,,,41634,443,0x0010,518,4097,
556,2.17.140.98,192.168.159.238,6,TCP,54,557,2024-03-27 02:43:01.232510,1711503781.232509700,,,,,,,,,,443,41634,0x0010,1,518,
557,192.168.159.238,2.17.140.98,6,TCP,54,558,2024-03-27 02:43:01.232526,1711503781.232526400,,,,,,,,,,41634,443,0x0010,518,4097,
558,2.17.140.98,192.168.159.238,6,TLS,171,559,2024-03-27 02:43:01.251679,1711503781.251678900,,,,,,,,,,443,41634,0x0018,4097,518,TLS_Packet_Captured
559,192.168.159.238,2.17.140.98,6,TCP,54,560,2024-03-27 02:43:01.251696,1711503781.251695800,,,,,,,,,,41634,443,0x0010,518,4214,
560,192.168.159.238,2.17.140.98,6,TLS,134,561,2024-03-27 02:43:01.252031,1711503781.252031200,,,,,,,,,,41634,443,0x0018,518,4214,TLS_Packet_Captured
561,192.168.159.238,2.17.140.98,6,TLS,221,562,2024-03-27 02:43:01.252220,1711503781.252220500,,,,,,,,,,41634,443,0x0018,598,4214,TLS_Packet_Captured
562,2.17.140.98,192.168.159.238,6,TLS,341,563,2024-03-27 02:43:01.302504,1711503781.302504200,,,,,,,,,,443,41634,0x0018,4214,598,TLS_Packet_Captured
563,2.17.140.98,192.168.159.238,6,TLS,341,564,2024-03-27 02:43:01.302504,1711503781.302504400,,,,,,,,,,443,41634,0x0018,4501,598,TLS_Packet_Captured
564,192.168.159.238,2.17.140.98,6,TCP,54,565,2024-03-27 02:43:01.302527,1711503781.302526600,,,,,,,,,,41634,443,0x0010,765,4501,
565,192.168.159.238,2.17.140.98,6,TCP,54,566,2024-03-27 02:43:01.302557,1711503781.302557400,,,,,,,,,,41634,443,0x0010,765,4788,
566,2.17.140.98,192.168.159.238,6,TLS,2734,567,2024-03-27 02:43:01.312510,1711503781.312510300,,,,,,,,,,443,41634,0x0018,4788,765,TLS_Packet_Captured
567,192.168.159.238,2.17.140.98,6,TCP,54,568,2024-03-27 02:43:01.312530,1711503781.312530300,,,,,,,,,,41634,443,0x0010,765,7468,
568,2.17.140.98,192.168.159.238,6,TCP,1394,569,2024-03-27 02:43:01.315338,1711503781.315338100,,,,,,,,,,443,41634,0x0010,7468,765,
569,192.168.159.238,2.17.140.98,6,TCP,54,570,2024-03-27 02:43:01.315355,1711503781.315355200,,,,,,,,,,41634,443,0x0010,765,8808,
570,2.17.140.98,192.168.159.238,6,TCP,1394,571,2024-03-27 02:43:01.318035,1711503781.318035100,,,,,,,,,,443,41634,0x0018,8808,765,
571,2.17.140.98,192.168.159.238,6,TCP,2734,572,2024-03-27 02:43:01.318035,1711503781.318035300,,,,,,,,,,443,41634,0x0018,10148,765,
572,2.17.140.98,192.168.159.238,6,TCP,2734,573,2024-03-27 02:43:01.318035,1711503781.318035300,,,,,,,,,,443,41634,0x0018,12828,765,
573,192.168.159.238,2.17.140.98,6,TCP,54,574,2024-03-27 02:43:01.318053,1711503781.318053600,,,,,,,,,,41634,443,0x0010,765,10148,
574,192.168.159.238,2.17.140.98,6,TCP,54,575,2024-03-27 02:43:01.318085,1711503781.318085300,,,,,,,,,,41634,443,0x0010,765,12828,
575,192.168.159.238,2.17.140.98,6,TCP,54,576,2024-03-27 02:43:01.318089,1711503781.318089100,,,,,,,,,,41634,443,0x0010,765,15508,
576,2.17.140.98,192.168.159.238,6,TCP,2734,577,2024-03-27 02:43:01.323160,1711503781.323159600,,,,,,,,,,443,41634,0x0018,15508,765,
577,2.17.140.98,192.168.159.238,6,TCP,2734,578,2024-03-27 02:43:01.323160,1711503781.323159800,,,,,,,,,,443,41634,0x0018,18188,765,
578,2.17.140.98,192.168.159.238,6,TLS,1394,579,2024-03-27 02:43:01.323160,1711503781.323159800,,,,,,,,,,443,41634,0x0010,20868,765,TLS_Packet_Captured
579,192.168.159.238,2.17.140.98,6,TCP,54,580,2024-03-27 02:43:01.323179,1711503781.323179000,,,,,,,,,,41634,443,0x0010,765,18188,
580,192.168.159.238,2.17.140.98,6,TCP,54,581,2024-03-27 02:43:01.323212,1711503781.323212300,,,,,,,,,,41634,443,0x0010,765,20868,
581,192.168.159.238,2.17.140.98,6,TCP,54,582,2024-03-27 02:43:01.323215,1711503781.323215000,,,,,,,,,,41634,443,0x0010,765,22208,
582,2.17.140.98,192.168.159.238,6,TCP,1394,583,2024-03-27 02:43:01.323375,1711503781.323375200,,,,,,,,,,443,41634,0x0018,22208,765,
583,2.17.140.98,192.168.159.238,6,TCP,2734,584,2024-03-27 02:43:01.329687,1711503781.329686600,,,,,,,,,,443,41634,0x0018,23548,765,
584,2.17.140.98,192.168.159.238,6,TCP,2734,585,2024-03-27 02:43:01.329687,1711503781.329686800,,,,,,,,,,443,41634,0x0018,26228,765,
585,192.168.159.238,2.17.140.98,6,TCP,54,586,2024-03-27 02:43:01.329706,1711503781.329705800,,,,,,,,,,41634,443,0x0010,765,26228,
586,192.168.159.238,2.17.140.98,6,TCP,54,587,2024-03-27 02:43:01.329771,1711503781.329770500,,,,,,,,,,41634,443,0x0010,765,28908,
587,2.17.140.98,192.168.159.238,6,TLS,1394,588,2024-03-27 02:43:01.337843,1711503781.337842800,,,,,,,,,,443,41634,0x0010,28908,765,TLS_Packet_Captured
588,2.17.140.98,192.168.159.238,6,TCP,1394,589,2024-03-27 02:43:01.341009,1711503781.341009300,,,,,,,,,,443,41634,0x0018,30248,765,
589,2.17.140.98,192.168.159.238,6,TCP,1394,590,2024-03-27 02:43:01.341010,1711503781.341009500,,,,,,,,,,443,41634,0x0010,31588,765,
590,192.168.159.238,2.17.140.98,6,TCP,54,591,2024-03-27 02:43:01.341029,1711503781.341028900,,,,,,,,,,41634,443,0x0010,765,31588,
591,2.17.140.98,192.168.159.238,6,TCP,1394,592,2024-03-27 02:43:01.342092,1711503781.342091900,,,,,,,,,,443,41634,0x0018,32928,765,
592,2.17.140.98,192.168.159.238,6,TCP,2734,593,2024-03-27 02:43:01.342092,1711503781.342092100,,,,,,,,,,443,41634,0x0018,34268,765,
593,192.168.159.238,2.17.140.98,6,TCP,54,594,2024-03-27 02:43:01.342110,1711503781.342110300,,,,,,,,,,41634,443,0x0010,765,34268,
594,192.168.159.238,2.17.140.98,6,TCP,54,595,2024-03-27 02:43:01.342209,1711503781.342209200,,,,,,,,,,41634,443,0x0010,765,36948,
595,2.17.140.98,192.168.159.238,6,TCP,2734,596,2024-03-27 02:43:01.353970,1711503781.353970100,,,,,,,,,,443,41634,0x0018,36948,765,
596,2.17.140.98,192.168.159.238,6,TCP,2734,597,2024-03-27 02:43:01.353970,1711503781.353970200,,,,,,,,,,443,41634,0x0018,39628,765,
597,192.168.159.238,2.17.140.98,6,TCP,54,598,2024-03-27 02:43:01.354076,1711503781.354076200,,,,,,,,,,41634,443,0x0010,765,42308,
598,2.17.140.98,192.168.159.238,6,TCP,2734,599,2024-03-27 02:43:01.360051,1711503781.360050800,,,,,,,,,,443,41634,0x0018,42308,765,
599,2.17.140.98,192.168.159.238,6,TLS,2734,600,2024-03-27 02:43:01.360097,1711503781.360097400,,,,,,,,,,443,41634,0x0018,44988,765,TLS_Packet_Captured
600,2.17.140.98,192.168.159.238,6,TCP,2734,601,2024-03-27 02:43:01.360097,1711503781.360097500,,,,,,,,,,443,41634,0x0018,47668,765,
601,2.17.140.98,192.168.159.238,6,TCP,1394,602,2024-03-27 02:43:01.360097,1711503781.360097500,,,,,,,,,,443,41634,0x0010,50348,765,
602,192.168.159.238,2.17.140.98,6,TCP,54,603,2024-03-27 02:43:01.360129,1711503781.360129000,,,,,,,,,,41634,443,0x0010,765,51688,
603,2.17.140.98,192.168.159.238,6,TLS,1226,604,2024-03-27 02:43:01.360246,1711503781.360246300,,,,,,,,,,443,41634,0x0018,51688,765,TLS_Packet_Captured
604,192.168.159.238,2.17.140.98,6,TCP,54,605,2024-03-27 02:43:01.360904,1711503781.360904300,,,,,,,,,,41634,443,0x0010,765,52860,
605,192.168.159.238,2.17.140.98,6,TCP,54,606,2024-03-27 02:43:01.361475,1711503781.361475200,,,,,,,,,,41632,443,0x0011,765,52859,
606,192.168.159.238,192.168.144.1,17,DNS,74,607,2024-03-27 02:43:01.363251,1711503781.363251400,www.abc.net.au,,1,0x0001,1,0,0,56954,53,,,,,,
607,192.168.159.238,192.168.144.1,17,DNS,74,608,2024-03-27 02:43:01.363257,1711503781.363256800,www.abc.net.au,,28,0x0001,1,0,0,56954,53,,,,,,
608,192.168.144.1,192.168.159.238,17,DNS,228,609,2024-03-27 02:43:01.364069,1711503781.364068600,www.abc.net.au,www.abc.net.au,1,0x0001,1,3,0,53,56954,,,,,,
609,192.168.144.1,192.168.159.238,17,DNS,190,610,2024-03-27 02:43:01.364469,1711503781.364468800,www.abc.net.au,www.abc.net.au,28,0x0001,1,2,0,53,56954,,,,,,
610,192.168.159.238,2.17.140.98,6,TCP,74,611,2024-03-27 02:43:01.364661,1711503781.364661200,,,,,,,,,,41636,443,0x0002,0,0,
611,2.17.140.98,192.168.159.238,6,TLS,78,612,2024-03-27 02:43:01.402738,1711503781.402738200,,,,,,,,,,443,41632,0x0018,52859,766,TLS_Packet_Captured
612,2.17.140.98,192.168.159.238,6,TCP,54,613,2024-03-27 02:43:01.402738,1711503781.402738400,,,,,,,,,,443,41632,0x0011,52883,766,
613,192.168.159.238,2.17.140.98,6,TCP,54,614,2024-03-27 02:43:01.402764,1711503781.402763600,,,,,,,,,,41632,443,0x0004,766,0,
614,192.168.159.238,2.17.140.98,6,TCP,54,615,2024-03-27 02:43:01.402770,1711503781.402770100,,,,,,,,,,41632,443,0x0004,766,0,
615,2.17.140.98,192.168.159.238,6,TCP,66,616,2024-03-27 02:43:01.412249,1711503781.412249100,,,,,,,,,,443,41636,0x0012,0,1,
616,192.168.159.238,2.17.140.98,6,TCP,54,617,2024-03-27 02:43:01.412277,1711503781.412277400,,,,,,,,,,41636,443,0x0010,1,1,
617,192.168.159.238,2.17.140.98,6,TLS,571,618,2024-03-27 02:43:01.464512,1711503781.464511800,,,,,,,,,,41636,443,0x0018,1,1,TLS_Packet_Captured
618,2.17.140.98,192.168.159.238,6,TLS,2734,619,2024-03-27 02:43:01.522904,1711503781.522903900,,,,,,,,,,443,41636,0x0018,1,518,TLS_Packet_Captured
619,2.17.140.98,192.168.159.238,6,TLS,1470,620,2024-03-27 02:43:01.522904,1711503781.522904000,,,,,,,,,,443,41636,0x0018,2681,518,TLS_Packet_Captured
620,192.168.159.238,2.17.140.98,6,TCP,54,621,2024-03-27 02:43:01.522926,1711503781.522925900,,,,,,,,,,41636,443,0x0010,518,2681,
621,192.168.159.238,2.17.140.98,6,TCP,54,622,2024-03-27 02:43:01.522931,1711503781.522930800,,,,,,,,,,41636,443,0x0010,518,4097,
622,2.17.140.98,192.168.159.238,6,TLS,172,623,2024-03-27 02:43:01.532191,1711503781.532191200,,,,,,,,,,443,41636,0x0018,4097,518,TLS_Packet_Captured
623,2.17.140.98,192.168.159.238,6,TCP,54,624,2024-03-27 02:43:01.532191,1711503781.532191300,,,,,,,,,,443,41636,0x0010,1,518,
624,192.168.159.238,2.17.140.98,6,TCP,54,625,2024-03-27 02:43:01.532203,1711503781.532203400,,,,,,,,,,41636,443,0x0010,518,4215,
625,192.168.159.238,2.17.140.98,6,TCP,54,626,2024-03-27 02:43:01.532209,1711503781.532209200,,,,,,,,,,41636,443,0x0010,518,4215,
626,192.168.159.238,2.17.140.98,6,TLS,134,627,2024-03-27 02:43:01.532396,1711503781.532395500,,,,,,,,,,41636,443,0x0018,518,4215,TLS_Packet_Captured
627,192.168.159.238,2.17.140.98,6,TLS,221,628,2024-03-27 02:43:01.532530,1711503781.532530400,,,,,,,,,,41636,443,0x0018,598,4215,TLS_Packet_Captured
628,2.17.140.98,192.168.159.238,6,TLS,341,629,2024-03-27 02:43:01.577373,1711503781.577372700,,,,,,,,,,443,41636,0x0018,4215,598,TLS_Packet_Captured
629,2.17.140.98,192.168.159.238,6,TLS,341,630,2024-03-27 02:43:01.577373,1711503781.577372900,,,,,,,,,,443,41636,0x0018,4502,598,TLS_Packet_Captured
630,192.168.159.238,2.17.140.98,6,TCP,54,631,2024-03-27 02:43:01.577393,1711503781.577392600,,,,,,,,,,41636,443,0x0010,765,4502,
631,192.168.159.238,2.17.140.98,6,TCP,54,632,2024-03-27 02:43:01.577399,1711503781.577399000,,,,,,,,,,41636,443,0x0010,765,4789,
632,2.17.140.98,192.168.159.238,6,TLS,2734,633,2024-03-27 02:43:01.591081,1711503781.591081400,,,,,,,,,,443,41636,0x0018,4789,765,TLS_Packet_Captured
633,192.168.159.238,2.17.140.98,6,TCP,54,634,2024-03-27 02:43:01.591121,1711503781.591121200,,,,,,,,,,41636,443,0x0010,765,7469,
634,2.17.140.98,192.168.159.238,6,TCP,1394,635,2024-03-27 02:43:01.591544,1711503781.591543900,,,,,,,,,,443,41636,0x0010,7469,765,
635,192.168.159.238,2.17.140.98,6,TCP,54,636,2024-03-27 02:43:01.591566,1711503781.591566100,,,,,,,,,,41636,443,0x0010,765,8809,
636,2.17.140.98,192.168.159.238,6,TCP,1394,637,2024-03-27 02:43:01.593582,1711503781.593582300,,,,,,,,,,443,41636,0x0018,8809,765,
637,2.17.140.98,192.168.159.238,6,TCP,1394,638,2024-03-27 02:43:01.593582,1711503781.593582300,,,,,,,,,,443,41636,0x0010,10149,765,
638,192.168.159.238,2.17.140.98,6,TCP,54,639,2024-03-27 02:43:01.593590,1711503781.593590100,,,,,,,,,,41636,443,0x0010,765,10149,
639,192.168.159.238,2.17.140.98,6,TCP,54,640,2024-03-27 02:43:01.593595,1711503781.593595000,,,,,,,,,,41636,443,0x0010,765,11489,
640,2.17.140.98,192.168.159.238,6,TCP,1394,641,2024-03-27 02:43:01.593991,1711503781.593991200,,,,,,,,,,443,41636,0x0018,11489,765,
641,2.17.140.98,192.168.159.238,6,TCP,2734,642,2024-03-27 02:43:01.593991,1711503781.593991300,,,,,,,,,,443,41636,0x0018,12829,765,
642,2.17.140.98,192.168.159.238,6,TCP,1394,643,2024-03-27 02:43:01.593991,1711503781.593991300,,,,,,,,,,443,41636,0x0010,15509,765,
643,192.168.159.238,2.17.140.98,6,TCP,54,644,2024-03-27 02:43:01.593998,1711503781.593997800,,,,,,,,,,41636,443,0x0010,765,12829,
644,192.168.159.238,2.17.140.98,6,TCP,54,645,2024-03-27 02:43:01.594002,1711503781.594001700,,,,,,,,,,41636,443,0x0010,765,15509,
645,192.168.159.238,2.17.140.98,6,TCP,54,646,2024-03-27 02:43:01.594003,1711503781.594003300,,,,,,,,,,41636,443,0x0010,765,16849,
646,2.17.140.98,192.168.159.238,6,TCP,1394,647,2024-03-27 02:43:01.597429,1711503781.597428600,,,,,,,,,,443,41636,0x0018,16849,765,
647,2.17.140.98,192.168.159.238,6,TCP,2734,648,2024-03-27 02:43:01.597429,1711503781.597428700,,,,,,,,,,443,41636,0x0018,18189,765,
648,2.17.140.98,192.168.159.238,6,TLS,1394,649,2024-03-27 02:43:01.597429,1711503781.597428700,,,,,,,,,,443,41636,0x0010,20869,765,TLS_Packet_Captured
649,192.168.159.238,2.17.140.98,6,TCP,54,650,2024-03-27 02:43:01.597449,1711503781.597448800,,,,,,,,,,41636,443,0x0010,765,18189,
650,192.168.159.238,2.17.140.98,6,TCP,54,651,2024-03-27 02:43:01.597459,1711503781.597459400,,,,,,,,,,41636,443,0x0010,765,22209,
651,2.17.140.98,192.168.159.238,6,TCP,1394,652,2024-03-27 02:43:01.607103,1711503781.607103400,,,,,,,,,,443,41636,0x0018,22209,765,
652,2.17.140.98,192.168.159.238,6,TCP,1394,653,2024-03-27 02:43:01.607104,1711503781.607103500,,,,,,,,,,443,41636,0x0010,23549,765,
653,192.168.159.238,2.17.140.98,6,TCP,54,654,2024-03-27 02:43:01.607120,1711503781.607120100,,,,,,,,,,41636,443,0x0010,765,24889,
654,2.17.140.98,192.168.159.238,6,TCP,1394,655,2024-03-27 02:43:01.607424,1711503781.607424200,,,,,,,,,,443,41636,0x0018,24889,765,
655,2.17.140.98,192.168.159.238,6,TCP,2734,656,2024-03-27 02:43:01.607424,1711503781.607424200,,,,,,,,,,443,41636,0x0018,26229,765,
656,192.168.159.238,2.17.140.98,6,TCP,54,657,2024-03-27 02:43:01.607437,1711503781.607437300,,,,,,,,,,41636,443,0x0010,765,28909,
657,2.17.140.98,192.168.159.238,6,TLS,1394,658,2024-03-27 02:43:01.610928,1711503781.610927600,,,,,,,,,,443,41636,0x0010,28909,765,TLS_Packet_Captured
658,2.17.140.98,192.168.159.238,6,TCP,1394,659,2024-03-27 02:43:01.617859,1711503781.617859000,,,,,,,,,,443,41636,0x0018,30249,765,
659,2.17.140.98,192.168.159.238,6,TCP,2734,660,2024-03-27 02:43:01.617859,1711503781.617859100,,,,,,,,,,443,41636,0x0018,31589,765,
660,192.168.159.238,2.17.140.98,6,TCP,54,661,2024-03-27 02:43:01.617869,1711503781.617869200,,,,,,,,,,41636,443,0x0010,765,31589,
661,192.168.159.238,2.17.140.98,6,TCP,54,662,2024-03-27 02:43:01.617879,1711503781.617879400,,,,,,,,,,41636,443,0x0010,765,34269,
662,2.17.140.98,192.168.159.238,6,TCP,2734,663,2024-03-27 02:43:01.627292,1711503781.627291800,,,,,,,,,,443,41636,0x0018,34269,765,
663,192.168.159.238,2.17.140.98,6,TCP,54,664,2024-03-27 02:43:01.627314,1711503781.627314200,,,,,,,,,,41636,443,0x0010,765,36949,
664,2.17.140.98,192.168.159.238,6,TCP,2734,665,2024-03-27 02:43:01.627886,1711503781.627885800,,,,,,,,,,443,41636,0x0018,36949,765,
665,2.17.140.98,192.168.159.238,6,TCP,2734,666,2024-03-27 02:43:01.627886,1711503781.627885900,,,,,,,,,,443,41636,0x0018,39629,765,
666,2.17.140.98,192.168.159.238,6,TCP,2734,667,2024-03-27 02:43:01.627886,1711503781.627885900,,,,,,,,,,443,41636,0x0018,42309,765,
667,192.168.159.238,2.17.140.98,6,TCP,54,668,2024-03-27 02:43:01.627902,1711503781.627902000,,,,,,,,,,41636,443,0x0010,765,44989,
668,2.17.140.98,192.168.159.238,6,TLS,2734,669,2024-03-27 02:43:01.628358,1711503781.628357700,,,,,,,,,,443,41636,0x0018,44989,765,TLS_Packet_Captured
669,2.17.140.98,192.168.159.238,6,TCP,2734,670,2024-03-27 02:43:01.628358,1711503781.628357800,,,,,,,,,,443,41636,0x0018,47669,765,
670,2.17.140.98,192.168.159.238,6,TCP,1394,671,2024-03-27 02:43:01.628358,1711503781.628357800,,,,,,,,,,443,41636,0x0010,50349,765,
671,192.168.159.238,2.17.140.98,6,TCP,54,672,2024-03-27 02:43:01.628371,1711503781.628371400,,,,,,,,,,41636,443,0x0010,765,51689,
672,2.17.140.98,192.168.159.238,6,TLS,1226,673,2024-03-27 02:43:01.628510,1711503781.628510300,,,,,,,,,,443,41636,0x0018,51689,765,TLS_Packet_Captured
673,192.168.159.238,2.17.140.98,6,TCP,54,674,2024-03-27 02:43:01.629933,1711503781.629933100,,,,,,,,,,41636,443,0x0010,765,52861,
674,192.168.159.238,2.17.140.98,6,TCP,54,675,2024-03-27 02:43:01.630314,1711503781.630314300,,,,,,,,,,41634,443,0x0011,765,52860,
675,192.168.159.238,2.17.140.98,6,TCP,54,676,2024-03-27 02:43:01.642422,1711503781.642422000,,,,,,,,,,41636,443,0x0011,765,52861,
676,2.17.140.98,192.168.159.238,6,TLS,78,677,2024-03-27 02:43:01.672962,1711503781.672962500,,,,,,,,,,443,41634,0x0018,52860,766,TLS_Packet_Captured
677,2.17.140.98,192.168.159.238,6,TCP,54,678,2024-03-27 02:43:01.672963,1711503781.672962800,,,,,,,,,,443,41634,0x0011,52884,766,
678,192.168.159.238,2.17.140.98,6,TCP,54,679,2024-03-27 02:43:01.672986,1711503781.672986200,,,,,,,,,,41634,443,0x0004,766,0,
679,192.168.159.238,2.17.140.98,6,TCP,54,680,2024-03-27 02:43:01.672993,1711503781.672993000,,,,,,,,,,41634,443,0x0004,766,0,
680,2.17.140.98,192.168.159.238,6,TLS,78,681,2024-03-27 02:43:01.707227,1711503781.707226500,,,,,,,,,,443,41636,0x0018,52861,766,TLS_Packet_Captured
681,2.17.140.98,192.168.159.238,6,TCP,54,682,2024-03-27 02:43:01.707227,1711503781.707226600,,,,,,,,,,443,41636,0x0011,52885,766,
682,192.168.159.238,2.17.140.98,6,TCP,54,683,2024-03-27 02:43:01.707276,1711503781.707276100,,,,,,,,,,41636,443,0x0004,766,0,
683,192.168.159.238,2.17.140.98,6,TCP,54,684,2024-03-27 02:43:01.707284,1711503781.707283900,,,,,,,,,,41636,443,0x0004,766,0,
684,192.168.144.1,224.0.0.251,17,MDNS,87,685,2024-03-27 02:43:10.446088,1711503790.446087900,,,,,,,,5353,5353,,,,,,
685,192.168.144.1,239.255.255.250,17,SSDP,167,687,2024-03-27 02:43:14.663234,1711503794.663233600,,,,,,,,58076,1900,,,,,,
686,192.168.144.1,192.168.159.255,17,DATA,82,688,2024-03-27 02:43:26.714446,1711503806.714445800,,,,,,,,57621,57621,,,,,,
