,index,time,timestamp,status
0,0,2024-03-27 02:39:12.337158,1711503552.337158,success
1,1,2024-03-27 02:39:13.474168,1711503553.474168,success
2,2,2024-03-27 02:39:14.021733,1711503554.021733,success
3,3,2024-03-27 02:39:14.585000,1711503554.585,success
4,4,2024-03-27 02:39:15.159441,1711503555.159441,success
5,5,2024-03-27 02:39:15.709790,1711503555.70979,success
6,6,2024-03-27 02:39:16.272567,1711503556.272567,success
7,7,2024-03-27 02:39:16.823825,1711503556.823825,success
8,8,2024-03-27 02:39:17.405735,1711503557.405735,success
9,9,2024-03-27 02:39:17.998992,1711503557.998992,success
