,source_ip,destination_ip,protocol,top_layer,packet_length,packet_number,capture_time,timestamp,udp_source_port,udp_destination_port,dns_query,dns_response,dns_type,dns_class,query_count,answer_count,authority_count,source_port,destination_port,tcp_flags,sequence_number,acknowledgement,tls
0,172.20.144.1,172.20.159.255,17,DATA,86,1,2024-03-28 01:46:21.016109,1711586781.016109200,57621,57621,,,,,,,,,,,,,
1,172.20.146.77,172.20.144.1,17,DNS,78,2,2024-03-28 01:46:21.304677,1711586781.304676900,36214,53,www.news.yahoo.com,,1,0x0001,1,0,0,,,,,,
2,172.20.146.77,172.20.144.1,17,DNS,78,3,2024-03-28 01:46:21.304685,1711586781.304685000,36214,53,www.news.yahoo.com,,28,0x0001,1,0,0,,,,,,
3,172.20.144.1,172.20.146.77,17,DNS,358,4,2024-03-28 01:46:21.421593,1711586781.421593200,53,36214,www.news.yahoo.com,www.news.yahoo.com,1,0x0001,1,5,0,,,,,,
4,172.20.144.1,172.20.146.77,17,DNS,284,5,2024-03-28 01:46:21.453807,1711586781.453807300,53,36214,www.news.yahoo.com,www.news.yahoo.com,28,0x0001,1,3,0,,,,,,
5,172.20.146.77,76.223.84.192,6,TCP,74,6,2024-03-28 01:46:21.454117,1711586781.454116900,,,,,,,,,,49526,443,0x0002,0,0,
6,76.223.84.192,172.20.146.77,6,TCP,66,7,2024-03-28 01:46:21.488900,1711586781.488899900,,,,,,,,,,443,49526,0x0012,0,1,
7,172.20.146.77,76.223.84.192,6,TCP,54,8,2024-03-28 01:46:21.488943,1711586781.488943300,,,,,,,,,,49526,443,0x0010,1,1,
8,172.20.146.77,76.223.84.192,6,TLS,571,9,2024-03-28 01:46:21.544735,1711586781.544735100,,,,,,,,,,49526,443,0x0018,1,1,TLS_Packet_Captured
9,76.223.84.192,172.20.146.77,6,TCP,54,10,2024-03-28 01:46:21.591263,1711586781.591263000,,,,,,,,,,443,49526,0x0010,1,518,
10,76.223.84.192,172.20.146.77,6,TLS,4150,11,2024-03-28 01:46:21.623746,1711586781.623746000,,,,,,,,,,443,49526,0x0018,1,518,TLS_Packet_Captured
11,76.223.84.192,172.20.146.77,6,TLS,769,12,2024-03-28 01:46:21.623746,1711586781.623746200,,,,,,,,,,443,49526,0x0018,4097,518,TLS_Packet_Captured
12,172.20.146.77,76.223.84.192,6,TCP,54,13,2024-03-28 01:46:21.623789,1711586781.623789200,,,,,,,,,,49526,443,0x0010,518,4097,
13,172.20.146.77,76.223.84.192,6,TCP,54,14,2024-03-28 01:46:21.623795,1711586781.623794600,,,,,,,,,,49526,443,0x0010,518,4812,
14,172.20.146.77,76.223.84.192,6,TLS,118,15,2024-03-28 01:46:21.625385,1711586781.625384900,,,,,,,,,,49526,443,0x0018,518,4812,TLS_Packet_Captured
15,172.20.146.77,76.223.84.192,6,TLS,225,16,2024-03-28 01:46:21.625587,1711586781.625586600,,,,,,,,,,49526,443,0x0018,582,4812,TLS_Packet_Captured
16,76.223.84.192,172.20.146.77,6,TCP,769,17,2024-03-28 01:46:21.627290,1711586781.627290600,,,,,,,,,,443,49526,0x0018,4097,518,
17,172.20.146.77,76.223.84.192,6,TCP,66,18,2024-03-28 01:46:21.627311,1711586781.627310400,,,,,,,,,,49526,443,0x0010,753,4812,
18,76.223.84.192,172.20.146.77,6,TCP,54,19,2024-03-28 01:46:21.662719,1711586781.662719400,,,,,,,,,,443,49526,0x0010,4812,753,
19,76.223.84.192,172.20.146.77,6,TLS,341,20,2024-03-28 01:46:21.688790,1711586781.688789500,,,,,,,,,,443,49526,0x0018,4812,753,TLS_Packet_Captured
20,76.223.84.192,172.20.146.77,6,TLS,341,21,2024-03-28 01:46:21.688790,1711586781.688789700,,,,,,,,,,443,49526,0x0018,5099,753,TLS_Packet_Captured
21,172.20.146.77,76.223.84.192,6,TCP,54,22,2024-03-28 01:46:21.688807,1711586781.688807200,,,,,,,,,,49526,443,0x0010,753,5099,
22,172.20.146.77,76.223.84.192,6,TCP,54,23,2024-03-28 01:46:21.688840,1711586781.688839800,,,,,,,,,,49526,443,0x0010,753,5386,
23,76.223.84.192,172.20.146.77,6,TLS,2096,24,2024-03-28 01:46:21.695340,1711586781.695339700,,,,,,,,,,443,49526,0x0018,5386,753,TLS_Packet_Captured
24,76.223.84.192,172.20.146.77,6,TLS,1376,25,2024-03-28 01:46:21.695340,1711586781.695339900,,,,,,,,,,443,49526,0x0018,7428,753,TLS_Packet_Captured
25,76.223.84.192,172.20.146.77,6,TLS,1918,26,2024-03-28 01:46:21.695340,1711586781.695339900,,,,,,,,,,443,49526,0x0018,8750,753,TLS_Packet_Captured
26,172.20.146.77,76.223.84.192,6,TCP,54,27,2024-03-28 01:46:21.695358,1711586781.695357900,,,,,,,,,,49526,443,0x0010,753,7428,
27,172.20.146.77,76.223.84.192,6,TCP,54,28,2024-03-28 01:46:21.695390,1711586781.695389700,,,,,,,,,,49526,443,0x0010,753,8750,
28,172.20.146.77,76.223.84.192,6,TCP,54,29,2024-03-28 01:46:21.695393,1711586781.695392500,,,,,,,,,,49526,443,0x0010,753,10614,
29,172.20.146.77,172.20.144.1,17,DNS,73,30,2024-03-28 01:46:21.696547,1711586781.696547000,44752,53,www.yahoo.com,,1,0x0001,1,0,0,,,,,,
30,172.20.146.77,172.20.144.1,17,DNS,73,31,2024-03-28 01:46:21.696553,1711586781.696552700,44752,53,www.yahoo.com,,28,0x0001,1,0,0,,,,,,
31,172.20.144.1,172.20.146.77,17,DNS,194,32,2024-03-28 01:46:21.728409,1711586781.728408700,53,44752,www.yahoo.com,www.yahoo.com,1,0x0001,1,3,0,,,,,,
32,172.20.144.1,172.20.146.77,17,DNS,218,33,2024-03-28 01:46:21.780347,1711586781.780346800,53,44752,www.yahoo.com,www.yahoo.com,28,0x0001,1,3,0,,,,,,
33,172.20.146.77,87.248.107.206,6,TCP,74,34,2024-03-28 01:46:21.780614,1711586781.780614100,,,,,,,,,,48890,443,0x0002,0,0,
34,87.248.107.206,172.20.146.77,6,TCP,66,35,2024-03-28 01:46:21.831743,1711586781.831743000,,,,,,,,,,443,48890,0x0012,0,1,
35,172.20.146.77,87.248.107.206,6,TCP,54,36,2024-03-28 01:46:21.831791,1711586781.831791300,,,,,,,,,,48890,443,0x0010,1,1,
36,172.20.146.77,87.248.107.206,6,TLS,571,37,2024-03-28 01:46:21.884974,1711586781.884974300,,,,,,,,,,48890,443,0x0018,1,1,TLS_Packet_Captured
37,87.248.107.206,172.20.146.77,6,TCP,54,38,2024-03-28 01:46:21.953119,1711586781.953118700,,,,,,,,,,443,48890,0x0010,1,518,
38,87.248.107.206,172.20.146.77,6,TLS,4150,39,2024-03-28 01:46:21.953119,1711586781.953119100,,,,,,,,,,443,48890,0x0018,1,518,TLS_Packet_Captured
39,87.248.107.206,172.20.146.77,6,TLS,738,40,2024-03-28 01:46:21.953119,1711586781.953119100,,,,,,,,,,443,48890,0x0018,4097,518,TLS_Packet_Captured
40,172.20.146.77,87.248.107.206,6,TCP,54,41,2024-03-28 01:46:21.953170,1711586781.953170400,,,,,,,,,,48890,443,0x0010,518,4097,
41,172.20.146.77,87.248.107.206,6,TCP,54,42,2024-03-28 01:46:21.953176,1711586781.953176500,,,,,,,,,,48890,443,0x0010,518,4781,
42,172.20.146.77,87.248.107.206,6,TLS,118,43,2024-03-28 01:46:21.954778,1711586781.954777600,,,,,,,,,,48890,443,0x0018,518,4781,TLS_Packet_Captured
43,172.20.146.77,87.248.107.206,6,TLS,225,44,2024-03-28 01:46:21.954948,1711586781.954947800,,,,,,,,,,48890,443,0x0018,582,4781,TLS_Packet_Captured
44,87.248.107.206,172.20.146.77,6,TLS,341,45,2024-03-28 01:46:22.001294,1711586782.001293600,,,,,,,,,,443,48890,0x0018,4781,582,TLS_Packet_Captured
45,87.248.107.206,172.20.146.77,6,TLS,341,46,2024-03-28 01:46:22.001294,1711586782.001293800,,,,,,,,,,443,48890,0x0018,5068,582,TLS_Packet_Captured
46,172.20.146.77,87.248.107.206,6,TCP,54,47,2024-03-28 01:46:22.001316,1711586782.001316400,,,,,,,,,,48890,443,0x0010,753,5068,
47,172.20.146.77,87.248.107.206,6,TCP,54,48,2024-03-28 01:46:22.001348,1711586782.001347600,,,,,,,,,,48890,443,0x0010,753,5355,
48,87.248.107.206,172.20.146.77,6,TCP,54,49,2024-03-28 01:46:22.041217,1711586782.041217100,,,,,,,,,,443,48890,0x0010,5355,753,
49,87.248.107.206,172.20.146.77,6,TLS,1376,50,2024-03-28 01:46:22.189922,1711586782.189921800,,,,,,,,,,443,48890,0x0018,5355,753,TLS_Packet_Captured
50,172.20.146.77,87.248.107.206,6,TCP,54,51,2024-03-28 01:46:22.189940,1711586782.189940100,,,,,,,,,,48890,443,0x0010,753,6677,
51,87.248.107.206,172.20.146.77,6,TLS,142,52,2024-03-28 01:46:22.190236,1711586782.190236200,,,,,,,,,,443,48890,0x0018,6677,753,TLS_Packet_Captured
52,172.20.146.77,87.248.107.206,6,TCP,54,53,2024-03-28 01:46:22.190243,1711586782.190243400,,,,,,,,,,48890,443,0x0010,753,6765,
53,87.248.107.206,172.20.146.77,6,TLS,1240,54,2024-03-28 01:46:22.192348,1711586782.192347700,,,,,,,,,,443,48890,0x0018,6765,753,TLS_Packet_Captured
54,172.20.146.77,87.248.107.206,6,TCP,54,55,2024-03-28 01:46:22.192367,1711586782.192367300,,,,,,,,,,48890,443,0x0010,753,7951,
55,87.248.107.206,172.20.146.77,6,TLS,1376,56,2024-03-28 01:46:22.206983,1711586782.206982900,,,,,,,,,,443,48890,0x0018,7951,753,TLS_Packet_Captured
56,87.248.107.206,172.20.146.77,6,TLS,342,57,2024-03-28 01:46:22.206983,1711586782.206983100,,,,,,,,,,443,48890,0x0018,9273,753,TLS_Packet_Captured
57,87.248.107.206,172.20.146.77,6,TLS,1376,58,2024-03-28 01:46:22.206983,1711586782.206983200,,,,,,,,,,443,48890,0x0018,9561,753,TLS_Packet_Captured
58,87.248.107.206,172.20.146.77,6,TLS,2698,59,2024-03-28 01:46:22.206983,1711586782.206983200,,,,,,,,,,443,48890,0x0018,10883,753,TLS_Packet_Captured
59,87.248.107.206,172.20.146.77,6,TLS,5414,60,2024-03-28 01:46:22.206983,1711586782.206983200,,,,,,,,,,443,48890,0x0010,13527,753,TLS_Packet_Captured
60,172.20.146.77,87.248.107.206,6,TCP,54,61,2024-03-28 01:46:22.207014,1711586782.207013600,,,,,,,,,,48890,443,0x0010,753,9273,
61,172.20.146.77,87.248.107.206,6,TCP,54,62,2024-03-28 01:46:22.207040,1711586782.207040300,,,,,,,,,,48890,443,0x0010,753,9561,
62,172.20.146.77,87.248.107.206,6,TCP,54,63,2024-03-28 01:46:22.207043,1711586782.207043300,,,,,,,,,,48890,443,0x0010,753,10883,
63,172.20.146.77,87.248.107.206,6,TCP,54,64,2024-03-28 01:46:22.207045,1711586782.207044900,,,,,,,,,,48890,443,0x0010,753,13527,
64,172.20.146.77,87.248.107.206,6,TCP,54,65,2024-03-28 01:46:22.207048,1711586782.207047800,,,,,,,,,,48890,443,0x0010,753,18887,
65,87.248.107.206,172.20.146.77,6,TLS,2734,66,2024-03-28 01:46:22.209504,1711586782.209503700,,,,,,,,,,443,48890,0x0010,18887,753,TLS_Packet_Captured
66,172.20.146.77,87.248.107.206,6,TCP,54,67,2024-03-28 01:46:22.209524,1711586782.209524300,,,,,,,,,,48890,443,0x0010,753,21567,
67,87.248.107.206,172.20.146.77,6,TLS,2734,68,2024-03-28 01:46:22.209747,1711586782.209747100,,,,,,,,,,443,48890,0x0010,21567,753,TLS_Packet_Captured
68,172.20.146.77,87.248.107.206,6,TCP,54,69,2024-03-28 01:46:22.209756,1711586782.209756000,,,,,,,,,,48890,443,0x0010,753,24247,
69,87.248.107.206,172.20.146.77,6,TLS,1394,70,2024-03-28 01:46:22.216689,1711586782.216688900,,,,,,,,,,443,48890,0x0010,24247,753,TLS_Packet_Captured
70,87.248.107.206,172.20.146.77,6,TLS,1394,71,2024-03-28 01:46:22.225276,1711586782.225276000,,,,,,,,,,443,48890,0x0010,25587,753,TLS_Packet_Captured
71,172.20.146.77,87.248.107.206,6,TCP,54,72,2024-03-28 01:46:22.225304,1711586782.225304300,,,,,,,,,,48890,443,0x0010,753,26927,
72,87.248.107.206,172.20.146.77,6,TLS,1394,73,2024-03-28 01:46:22.226550,1711586782.226550100,,,,,,,,,,443,48890,0x0010,26927,753,TLS_Packet_Captured
73,87.248.107.206,172.20.146.77,6,TLS,13454,74,2024-03-28 01:46:22.227451,1711586782.227451300,,,,,,,,,,443,48890,0x0010,28267,753,TLS_Packet_Captured
74,172.20.146.77,87.248.107.206,6,TCP,54,75,2024-03-28 01:46:22.227534,1711586782.227534200,,,,,,,,,,48890,443,0x0010,753,41667,
75,87.248.107.206,172.20.146.77,6,TLS,4074,76,2024-03-28 01:46:22.227727,1711586782.227727500,,,,,,,,,,443,48890,0x0010,41667,753,TLS_Packet_Captured
76,172.20.146.77,87.248.107.206,6,TCP,54,77,2024-03-28 01:46:22.229739,1711586782.229739300,,,,,,,,,,48890,443,0x0010,753,45687,
77,87.248.107.206,172.20.146.77,6,TLS,2734,78,2024-03-28 01:46:22.231654,1711586782.231654100,,,,,,,,,,443,48890,0x0010,45687,753,TLS_Packet_Captured
78,172.20.146.77,87.248.107.206,6,TCP,54,79,2024-03-28 01:46:22.231665,1711586782.231665300,,,,,,,,,,48890,443,0x0010,753,48367,
79,87.248.107.206,172.20.146.77,6,TLS,9434,80,2024-03-28 01:46:22.232415,1711586782.232415200,,,,,,,,,,443,48890,0x0010,48367,753,TLS_Packet_Captured
80,172.20.146.77,87.248.107.206,6,TCP,54,81,2024-03-28 01:46:22.233129,1711586782.233129100,,,,,,,,,,48890,443,0x0010,753,57747,
81,87.248.107.206,172.20.146.77,6,TLS,2734,82,2024-03-28 01:46:22.233722,1711586782.233721900,,,,,,,,,,443,48890,0x0010,57747,753,TLS_Packet_Captured
82,87.248.107.206,172.20.146.77,6,TLS,5414,83,2024-03-28 01:46:22.234199,1711586782.234199000,,,,,,,,,,443,48890,0x0010,60427,753,TLS_Packet_Captured
83,172.20.146.77,87.248.107.206,6,TCP,54,84,2024-03-28 01:46:22.234791,1711586782.234790500,,,,,,,,,,48890,443,0x0010,753,65787,
84,87.248.107.206,172.20.146.77,6,TLS,2734,85,2024-03-28 01:46:22.238584,1711586782.238584300,,,,,,,,,,443,48890,0x0010,65787,753,TLS_Packet_Captured
85,172.20.146.77,87.248.107.206,6,TCP,54,86,2024-03-28 01:46:22.238592,1711586782.238592500,,,,,,,,,,48890,443,0x0010,753,68467,
86,87.248.107.206,172.20.146.77,6,TLS,13454,87,2024-03-28 01:46:22.239605,1711586782.239604700,,,,,,,,,,443,48890,0x0010,68467,753,TLS_Packet_Captured
87,172.20.146.77,87.248.107.206,6,TCP,54,88,2024-03-28 01:46:22.239612,1711586782.239612100,,,,,,,,,,48890,443,0x0010,753,81867,
88,87.248.107.206,172.20.146.77,6,TLS,5408,89,2024-03-28 01:46:22.240345,1711586782.240344800,,,,,,,,,,443,48890,0x0018,81867,753,TLS_Packet_Captured
89,87.248.107.206,172.20.146.77,6,TLS,1376,90,2024-03-28 01:46:22.240345,1711586782.240344900,,,,,,,,,,443,48890,0x0018,87221,753,TLS_Packet_Captured
90,87.248.107.206,172.20.146.77,6,TLS,1765,91,2024-03-28 01:46:22.240345,1711586782.240344900,,,,,,,,,,443,48890,0x0018,88543,753,TLS_Packet_Captured
91,87.248.107.206,172.20.146.77,6,TLS,1376,92,2024-03-28 01:46:22.240345,1711586782.240344900,,,,,,,,,,443,48890,0x0018,90254,753,TLS_Packet_Captured
92,172.20.146.77,87.248.107.206,6,TCP,54,93,2024-03-28 01:46:22.240353,1711586782.240352900,,,,,,,,,,48890,443,0x0010,753,87221,
93,172.20.146.77,87.248.107.206,6,TCP,54,94,2024-03-28 01:46:22.240356,1711586782.240356500,,,,,,,,,,48890,443,0x0010,753,88543,
94,172.20.146.77,87.248.107.206,6,TCP,54,95,2024-03-28 01:46:22.240358,1711586782.240357800,,,,,,,,,,48890,443,0x0010,753,90254,
95,172.20.146.77,87.248.107.206,6,TCP,54,96,2024-03-28 01:46:22.240359,1711586782.240359100,,,,,,,,,,48890,443,0x0010,753,91576,
96,87.248.107.206,172.20.146.77,6,TLS,1376,97,2024-03-28 01:46:22.251379,1711586782.251379600,,,,,,,,,,443,48890,0x0018,91576,753,TLS_Packet_Captured
97,87.248.107.206,172.20.146.77,6,TLS,1394,98,2024-03-28 01:46:22.251380,1711586782.251379800,,,,,,,,,,443,48890,0x0010,92898,753,TLS_Packet_Captured
98,172.20.146.77,87.248.107.206,6,TCP,54,99,2024-03-28 01:46:22.251438,1711586782.251437900,,,,,,,,,,48890,443,0x0010,753,92898,
99,172.20.146.77,87.248.107.206,6,TCP,54,100,2024-03-28 01:46:22.251458,1711586782.251457700,,,,,,,,,,48890,443,0x0010,753,94238,
100,87.248.107.206,172.20.146.77,6,TLS,12114,101,2024-03-28 01:46:22.252199,1711586782.252198700,,,,,,,,,,443,48890,0x0010,94238,753,TLS_Packet_Captured
101,172.20.146.77,87.248.107.206,6,TCP,54,102,2024-03-28 01:46:22.252215,1711586782.252214800,,,,,,,,,,48890,443,0x0010,753,106298,
102,87.248.107.206,172.20.146.77,6,TLS,10774,103,2024-03-28 01:46:22.253012,1711586782.253012200,,,,,,,,,,443,48890,0x0010,106298,753,TLS_Packet_Captured
103,172.20.146.77,87.248.107.206,6,TCP,54,104,2024-03-28 01:46:22.253027,1711586782.253027100,,,,,,,,,,48890,443,0x0010,753,117018,
104,87.248.107.206,172.20.146.77,6,TLS,2523,105,2024-03-28 01:46:22.255002,1711586782.255001700,,,,,,,,,,443,48890,0x0010,117018,753,TLS_Packet_Captured
105,172.20.146.77,87.248.107.206,6,TCP,54,106,2024-03-28 01:46:22.255040,1711586782.255039900,,,,,,,,,,48890,443,0x0010,753,119487,
106,87.248.107.206,172.20.146.77,6,TLS,6965,107,2024-03-28 01:46:22.264920,1711586782.264920500,,,,,,,,,,443,48890,0x0010,119487,753,TLS_Packet_Captured
107,87.248.107.206,172.20.146.77,6,TLS,13454,108,2024-03-28 01:46:22.264921,1711586782.264920700,,,,,,,,,,443,48890,0x0010,126398,753,TLS_Packet_Captured
108,172.20.146.77,87.248.107.206,6,TCP,54,109,2024-03-28 01:46:22.264943,1711586782.264943200,,,,,,,,,,48890,443,0x0010,753,126398,
109,172.20.146.77,87.248.107.206,6,TCP,54,110,2024-03-28 01:46:22.264981,1711586782.264980900,,,,,,,,,,48890,443,0x0010,753,139798,
110,87.248.107.206,172.20.146.77,6,TLS,2734,111,2024-03-28 01:46:22.267383,1711586782.267383100,,,,,,,,,,443,48890,0x0010,139798,753,TLS_Packet_Captured
111,172.20.146.77,87.248.107.206,6,TCP,54,112,2024-03-28 01:46:22.267401,1711586782.267401200,,,,,,,,,,48890,443,0x0010,753,142478,
112,87.248.107.206,172.20.146.77,6,TLS,1159,113,2024-03-28 01:46:22.267976,1711586782.267976400,,,,,,,,,,443,48890,0x0010,142478,753,TLS_Packet_Captured
113,87.248.107.206,172.20.146.77,6,TLS,5749,114,2024-03-28 01:46:22.267977,1711586782.267976600,,,,,,,,,,443,48890,0x0010,143583,753,TLS_Packet_Captured
114,87.248.107.206,172.20.146.77,6,TLS,4074,115,2024-03-28 01:46:22.267977,1711586782.267976600,,,,,,,,,,443,48890,0x0010,149278,753,TLS_Packet_Captured
115,172.20.146.77,87.248.107.206,6,TCP,54,116,2024-03-28 01:46:22.267992,1711586782.267992200,,,,,,,,,,48890,443,0x0010,753,143583,
116,172.20.146.77,87.248.107.206,6,TCP,54,117,2024-03-28 01:46:22.268019,1711586782.268018900,,,,,,,,,,48890,443,0x0010,753,149278,
117,172.20.146.77,87.248.107.206,6,TCP,54,118,2024-03-28 01:46:22.268032,1711586782.268032100,,,,,,,,,,48890,443,0x0010,753,153298,
118,87.248.107.206,172.20.146.77,6,TLS,3974,119,2024-03-28 01:46:22.268383,1711586782.268383200,,,,,,,,,,443,48890,0x0010,153298,753,TLS_Packet_Captured
119,87.248.107.206,172.20.146.77,6,TLS,2542,120,2024-03-28 01:46:22.268383,1711586782.268383300,,,,,,,,,,443,48890,0x0010,157218,753,TLS_Packet_Captured
120,172.20.146.77,87.248.107.206,6,TCP,54,121,2024-03-28 01:46:22.268394,1711586782.268393700,,,,,,,,,,48890,443,0x0010,753,157218,
121,172.20.146.77,87.248.107.206,6,TCP,54,122,2024-03-28 01:46:22.268397,1711586782.268396800,,,,,,,,,,48890,443,0x0010,753,159706,
122,87.248.107.206,172.20.146.77,6,TLS,2734,123,2024-03-28 01:46:22.271244,1711586782.271244000,,,,,,,,,,443,48890,0x0010,159706,753,TLS_Packet_Captured
123,172.20.146.77,87.248.107.206,6,TCP,54,124,2024-03-28 01:46:22.271262,1711586782.271262100,,,,,,,,,,48890,443,0x0010,753,162386,
124,87.248.107.206,172.20.146.77,6,TLS,1754,125,2024-03-28 01:46:22.271897,1711586782.271897200,,,,,,,,,,443,48890,0x0010,162386,753,TLS_Packet_Captured
125,87.248.107.206,172.20.146.77,6,TLS,9434,126,2024-03-28 01:46:22.271897,1711586782.271897400,,,,,,,,,,443,48890,0x0010,164086,753,TLS_Packet_Captured
126,172.20.146.77,87.248.107.206,6,TCP,54,127,2024-03-28 01:46:22.271918,1711586782.271917600,,,,,,,,,,48890,443,0x0010,753,164086,
127,172.20.146.77,87.248.107.206,6,TCP,54,128,2024-03-28 01:46:22.271953,1711586782.271953100,,,,,,,,,,48890,443,0x0010,753,173466,
128,87.248.107.206,172.20.146.77,6,TLS,4074,129,2024-03-28 01:46:22.281070,1711586782.281069700,,,,,,,,,,443,48890,0x0010,173466,753,TLS_Packet_Captured
129,172.20.146.77,87.248.107.206,6,TCP,54,130,2024-03-28 01:46:22.281113,1711586782.281112600,,,,,,,,,,48890,443,0x0010,753,177486,
130,87.248.107.206,172.20.146.77,6,TLS,3202,131,2024-03-28 01:46:22.281928,1711586782.281927800,,,,,,,,,,443,48890,0x0010,177486,753,TLS_Packet_Captured
131,87.248.107.206,172.20.146.77,6,TLS,1806,132,2024-03-28 01:46:22.281928,1711586782.281928000,,,,,,,,,,443,48890,0x0010,180634,753,TLS_Packet_Captured
132,87.248.107.206,172.20.146.77,6,TLS,5706,133,2024-03-28 01:46:22.281928,1711586782.281928000,,,,,,,,,,443,48890,0x0010,182386,753,TLS_Packet_Captured
133,172.20.146.77,87.248.107.206,6,TCP,54,134,2024-03-28 01:46:22.281947,1711586782.281947100,,,,,,,,,,48890,443,0x0010,753,180634,
134,172.20.146.77,87.248.107.206,6,TCP,54,135,2024-03-28 01:46:22.281978,1711586782.281978000,,,,,,,,,,48890,443,0x0010,753,182386,
135,172.20.146.77,87.248.107.206,6,TCP,54,136,2024-03-28 01:46:22.281981,1711586782.281981400,,,,,,,,,,48890,443,0x0010,753,188038,
136,87.248.107.206,172.20.146.77,6,TLS,1394,137,2024-03-28 01:46:22.281984,1711586782.281983800,,,,,,,,,,443,48890,0x0010,188038,753,TLS_Packet_Captured
137,172.20.146.77,87.248.107.206,6,TCP,54,138,2024-03-28 01:46:22.281986,1711586782.281985900,,,,,,,,,,48890,443,0x0010,753,189378,
138,87.248.107.206,172.20.146.77,6,TLS,11410,139,2024-03-28 01:46:22.282634,1711586782.282634500,,,,,,,,,,443,48890,0x0010,189378,753,TLS_Packet_Captured
139,172.20.146.77,87.248.107.206,6,TCP,54,140,2024-03-28 01:46:22.282663,1711586782.282663000,,,,,,,,,,48890,443,0x0010,753,200734,
140,87.248.107.206,172.20.146.77,6,TLS,14794,141,2024-03-28 01:46:22.283696,1711586782.283696100,,,,,,,,,,443,48890,0x0010,200734,753,TLS_Packet_Captured
141,172.20.146.77,87.248.107.206,6,TCP,54,142,2024-03-28 01:46:22.283716,1711586782.283715800,,,,,,,,,,48890,443,0x0010,753,215474,
142,87.248.107.206,172.20.146.77,6,TLS,1394,143,2024-03-28 01:46:22.283751,1711586782.283751600,,,,,,,,,,443,48890,0x0010,215474,753,TLS_Packet_Captured
143,172.20.146.77,87.248.107.206,6,TCP,54,144,2024-03-28 01:46:22.283758,1711586782.283757900,,,,,,,,,,48890,443,0x0010,753,216814,
144,87.248.107.206,172.20.146.77,6,TLS,2098,145,2024-03-28 01:46:22.286340,1711586782.286340400,,,,,,,,,,443,48890,0x0010,216814,753,TLS_Packet_Captured
145,172.20.146.77,87.248.107.206,6,TCP,54,146,2024-03-28 01:46:22.286358,1711586782.286358200,,,,,,,,,,48890,443,0x0010,753,218858,
146,87.248.107.206,172.20.146.77,6,TLS,9434,147,2024-03-28 01:46:22.286859,1711586782.286859300,,,,,,,,,,443,48890,0x0010,218858,753,TLS_Packet_Captured
147,172.20.146.77,87.248.107.206,6,TCP,54,148,2024-03-28 01:46:22.286874,1711586782.286873500,,,,,,,,,,48890,443,0x0010,753,228238,
148,87.248.107.206,172.20.146.77,6,TLS,2352,149,2024-03-28 01:46:22.287001,1711586782.287001100,,,,,,,,,,443,48890,0x0018,228238,753,TLS_Packet_Captured
149,172.20.146.77,87.248.107.206,6,TCP,54,150,2024-03-28 01:46:22.287013,1711586782.287012900,,,,,,,,,,48890,443,0x0010,753,230536,
150,87.248.107.206,172.20.146.77,6,TLS,1376,151,2024-03-28 01:46:22.451572,1711586782.451572200,,,,,,,,,,443,48890,0x0018,230536,753,TLS_Packet_Captured
151,87.248.107.206,172.20.146.77,6,TLS,1394,152,2024-03-28 01:46:22.451572,1711586782.451572400,,,,,,,,,,443,48890,0x0010,231858,753,TLS_Packet_Captured
152,172.20.146.77,87.248.107.206,6,TCP,54,153,2024-03-28 01:46:22.451593,1711586782.451592900,,,,,,,,,,48890,443,0x0010,753,231858,
153,172.20.146.77,87.248.107.206,6,TCP,54,154,2024-03-28 01:46:22.451625,1711586782.451624700,,,,,,,,,,48890,443,0x0010,753,233198,
154,87.248.107.206,172.20.146.77,6,TLS,1358,155,2024-03-28 01:46:22.451843,1711586782.451842800,,,,,,,,,,443,48890,0x0018,233198,753,TLS_Packet_Captured
155,87.248.107.206,172.20.146.77,6,TLS,1394,156,2024-03-28 01:46:22.451843,1711586782.451842900,,,,,,,,,,443,48890,0x0010,234502,753,TLS_Packet_Captured
156,172.20.146.77,87.248.107.206,6,TCP,54,157,2024-03-28 01:46:22.451854,1711586782.451853700,,,,,,,,,,48890,443,0x0010,753,234502,
157,172.20.146.77,87.248.107.206,6,TCP,54,158,2024-03-28 01:46:22.451880,1711586782.451880500,,,,,,,,,,48890,443,0x0010,753,235842,
158,87.248.107.206,172.20.146.77,6,TLS,4002,159,2024-03-28 01:46:22.458707,1711586782.458706900,,,,,,,,,,443,48890,0x0018,235842,753,TLS_Packet_Captured
159,87.248.107.206,172.20.146.77,6,TLS,745,160,2024-03-28 01:46:22.458707,1711586782.458707100,,,,,,,,,,443,48890,0x0018,239790,753,TLS_Packet_Captured
160,87.248.107.206,172.20.146.77,6,TLS,1376,161,2024-03-28 01:46:22.458707,1711586782.458707200,,,,,,,,,,443,48890,0x0018,240481,753,TLS_Packet_Captured
161,87.248.107.206,172.20.146.77,6,TLS,2690,162,2024-03-28 01:46:22.458707,1711586782.458707200,,,,,,,,,,443,48890,0x0018,241803,753,TLS_Packet_Captured
162,87.248.107.206,172.20.146.77,6,TLS,2734,163,2024-03-28 01:46:22.458707,1711586782.458707200,,,,,,,,,,443,48890,0x0010,244439,753,TLS_Packet_Captured
163,172.20.146.77,87.248.107.206,6,TCP,54,164,2024-03-28 01:46:22.458732,1711586782.458731800,,,,,,,,,,48890,443,0x0010,753,239790,
164,172.20.146.77,87.248.107.206,6,TCP,54,165,2024-03-28 01:46:22.458762,1711586782.458762300,,,,,,,,,,48890,443,0x0010,753,240481,
165,172.20.146.77,87.248.107.206,6,TCP,54,166,2024-03-28 01:46:22.458765,1711586782.458765000,,,,,,,,,,48890,443,0x0010,753,241803,
166,172.20.146.77,87.248.107.206,6,TCP,54,167,2024-03-28 01:46:22.458766,1711586782.458766500,,,,,,,,,,48890,443,0x0010,753,244439,
167,172.20.146.77,87.248.107.206,6,TCP,54,168,2024-03-28 01:46:22.458768,1711586782.458767900,,,,,,,,,,48890,443,0x0010,753,247119,
168,87.248.107.206,172.20.146.77,6,TLS,1370,169,2024-03-28 01:46:22.459013,1711586782.459012400,,,,,,,,,,443,48890,0x0018,247119,753,TLS_Packet_Captured
169,87.248.107.206,172.20.146.77,6,TLS,1376,170,2024-03-28 01:46:22.459013,1711586782.459012500,,,,,,,,,,443,48890,0x0018,248435,753,TLS_Packet_Captured
170,87.248.107.206,172.20.146.77,6,TLS,2698,171,2024-03-28 01:46:22.459013,1711586782.459012500,,,,,,,,,,443,48890,0x0018,249757,753,TLS_Packet_Captured
171,87.248.107.206,172.20.146.77,6,TLS,394,172,2024-03-28 01:46:22.459013,1711586782.459012500,,,,,,,,,,443,48890,0x0018,252401,753,TLS_Packet_Captured
172,172.20.146.77,87.248.107.206,6,TCP,54,173,2024-03-28 01:46:22.459021,1711586782.459020700,,,,,,,,,,48890,443,0x0010,753,248435,
173,172.20.146.77,87.248.107.206,6,TCP,54,174,2024-03-28 01:46:22.459024,1711586782.459023600,,,,,,,,,,48890,443,0x0010,753,249757,
174,172.20.146.77,87.248.107.206,6,TCP,54,175,2024-03-28 01:46:22.459025,1711586782.459025200,,,,,,,,,,48890,443,0x0010,753,252401,
175,172.20.146.77,87.248.107.206,6,TCP,54,176,2024-03-28 01:46:22.459027,1711586782.459026600,,,,,,,,,,48890,443,0x0010,753,252741,
176,87.248.107.206,172.20.146.77,6,TLS,1376,177,2024-03-28 01:46:22.461760,1711586782.461759700,,,,,,,,,,443,48890,0x0018,252741,753,TLS_Packet_Captured
177,87.248.107.206,172.20.146.77,6,TLS,1394,178,2024-03-28 01:46:22.461760,1711586782.461759800,,,,,,,,,,443,48890,0x0010,254063,753,TLS_Packet_Captured
178,172.20.146.77,87.248.107.206,6,TCP,54,179,2024-03-28 01:46:22.461769,1711586782.461768700,,,,,,,,,,48890,443,0x0010,753,254063,
179,172.20.146.77,87.248.107.206,6,TCP,54,180,2024-03-28 01:46:22.461791,1711586782.461791300,,,,,,,,,,48890,443,0x0010,753,255403,
180,87.248.107.206,172.20.146.77,6,TLS,1358,181,2024-03-28 01:46:22.462021,1711586782.462021400,,,,,,,,,,443,48890,0x0018,255403,753,TLS_Packet_Captured
181,172.20.146.77,87.248.107.206,6,TCP,54,182,2024-03-28 01:46:22.462027,1711586782.462027200,,,,,,,,,,48890,443,0x0010,753,256707,
182,87.248.107.206,172.20.146.77,6,TLS,4020,183,2024-03-28 01:46:22.465056,1711586782.465055900,,,,,,,,,,443,48890,0x0018,256707,753,TLS_Packet_Captured
183,87.248.107.206,172.20.146.77,6,TLS,2734,184,2024-03-28 01:46:22.465056,1711586782.465056000,,,,,,,,,,443,48890,0x0010,260673,753,TLS_Packet_Captured
184,172.20.146.77,87.248.107.206,6,TCP,54,185,2024-03-28 01:46:22.465063,1711586782.465063400,,,,,,,,,,48890,443,0x0010,753,260673,
185,172.20.146.77,87.248.107.206,6,TCP,54,186,2024-03-28 01:46:22.465086,1711586782.465086100,,,,,,,,,,48890,443,0x0010,753,263353,
186,87.248.107.206,172.20.146.77,6,TLS,1340,187,2024-03-28 01:46:22.469488,1711586782.469488500,,,,,,,,,,443,48890,0x0018,263353,753,TLS_Packet_Captured
187,87.248.107.206,172.20.146.77,6,TLS,1394,188,2024-03-28 01:46:22.469489,1711586782.469488600,,,,,,,,,,443,48890,0x0010,264639,753,TLS_Packet_Captured
188,172.20.146.77,87.248.107.206,6,TCP,54,189,2024-03-28 01:46:22.469498,1711586782.469497800,,,,,,,,,,48890,443,0x0010,753,264639,
189,172.20.146.77,87.248.107.206,6,TCP,54,190,2024-03-28 01:46:22.469521,1711586782.469521200,,,,,,,,,,48890,443,0x0010,753,265979,
190,87.248.107.206,172.20.146.77,6,TLS,407,191,2024-03-28 01:46:22.469968,1711586782.469967900,,,,,,,,,,443,48890,0x0018,265979,753,TLS_Packet_Captured
191,87.248.107.206,172.20.146.77,6,TLS,1376,192,2024-03-28 01:46:22.469968,1711586782.469967900,,,,,,,,,,443,48890,0x0018,266332,753,TLS_Packet_Captured
192,87.248.107.206,172.20.146.77,6,TLS,1376,193,2024-03-28 01:46:22.469968,1711586782.469968000,,,,,,,,,,443,48890,0x0018,267654,753,TLS_Packet_Captured
193,87.248.107.206,172.20.146.77,6,TLS,2698,194,2024-03-28 01:46:22.469968,1711586782.469968000,,,,,,,,,,443,48890,0x0018,268976,753,TLS_Packet_Captured
194,87.248.107.206,172.20.146.77,6,TLS,87,195,2024-03-28 01:46:22.469968,1711586782.469968000,,,,,,,,,,443,48890,0x0018,271620,753,TLS_Packet_Captured
195,87.248.107.206,172.20.146.77,6,TLS,81,196,2024-03-28 01:46:22.469968,1711586782.469968100,,,,,,,,,,443,48890,0x0018,271653,753,TLS_Packet_Captured
196,172.20.146.77,87.248.107.206,6,TCP,54,197,2024-03-28 01:46:22.469975,1711586782.469975500,,,,,,,,,,48890,443,0x0010,753,266332,
197,172.20.146.77,87.248.107.206,6,TCP,54,198,2024-03-28 01:46:22.469996,1711586782.469996400,,,,,,,,,,48890,443,0x0010,753,267654,
198,172.20.146.77,87.248.107.206,6,TCP,54,199,2024-03-28 01:46:22.469999,1711586782.469999000,,,,,,,,,,48890,443,0x0010,753,268976,
199,172.20.146.77,87.248.107.206,6,TCP,54,200,2024-03-28 01:46:22.470001,1711586782.470000500,,,,,,,,,,48890,443,0x0010,753,271620,
200,172.20.146.77,87.248.107.206,6,TCP,54,201,2024-03-28 01:46:22.470350,1711586782.470350200,,,,,,,,,,48890,443,0x0010,753,271680,
201,172.20.146.77,172.20.144.1,17,DNS,78,202,2024-03-28 01:46:22.471408,1711586782.471407900,54867,53,www.news.yahoo.com,,1,0x0001,1,0,0,,,,,,
202,172.20.146.77,172.20.144.1,17,DNS,78,203,2024-03-28 01:46:22.471412,1711586782.471412100,54867,53,www.news.yahoo.com,,28,0x0001,1,0,0,,,,,,
203,172.20.144.1,172.20.146.77,17,DNS,358,204,2024-03-28 01:46:22.472209,1711586782.472208800,53,54867,www.news.yahoo.com,www.news.yahoo.com,1,0x0001,1,5,0,,,,,,
204,172.20.144.1,172.20.146.77,17,DNS,284,205,2024-03-28 01:46:22.472473,1711586782.472472600,53,54867,www.news.yahoo.com,www.news.yahoo.com,28,0x0001,1,3,0,,,,,,
205,172.20.146.77,76.223.84.192,6,TCP,74,206,2024-03-28 01:46:22.472645,1711586782.472644800,,,,,,,,,,49530,443,0x0002,0,0,
206,76.223.84.192,172.20.146.77,6,TCP,66,207,2024-03-28 01:46:22.504327,1711586782.504327000,,,,,,,,,,443,49530,0x0012,0,1,
207,172.20.146.77,76.223.84.192,6,TCP,54,208,2024-03-28 01:46:22.504359,1711586782.504359000,,,,,,,,,,49530,443,0x0010,1,1,
208,172.20.146.77,76.223.84.192,6,TLS,571,209,2024-03-28 01:46:22.561429,1711586782.561429300,,,,,,,,,,49530,443,0x0018,1,1,TLS_Packet_Captured
209,76.223.84.192,172.20.146.77,6,TCP,54,210,2024-03-28 01:46:22.621223,1711586782.621223300,,,,,,,,,,443,49530,0x0010,1,518,
210,76.223.84.192,172.20.146.77,6,TLS,4150,211,2024-03-28 01:46:22.647683,1711586782.647682900,,,,,,,,,,443,49530,0x0018,1,518,TLS_Packet_Captured
211,76.223.84.192,172.20.146.77,6,TLS,770,212,2024-03-28 01:46:22.647683,1711586782.647683300,,,,,,,,,,443,49530,0x0018,4097,518,TLS_Packet_Captured
212,172.20.146.77,76.223.84.192,6,TCP,54,213,2024-03-28 01:46:22.647706,1711586782.647706000,,,,,,,,,,49530,443,0x0010,518,4097,
213,172.20.146.77,76.223.84.192,6,TCP,54,214,2024-03-28 01:46:22.647711,1711586782.647710600,,,,,,,,,,49530,443,0x0010,518,4813,
214,172.20.146.77,76.223.84.192,6,TLS,118,215,2024-03-28 01:46:22.649130,1711586782.649130000,,,,,,,,,,49530,443,0x0018,518,4813,TLS_Packet_Captured
215,172.20.146.77,76.223.84.192,6,TLS,225,216,2024-03-28 01:46:22.649301,1711586782.649301200,,,,,,,,,,49530,443,0x0018,582,4813,TLS_Packet_Captured
216,76.223.84.192,172.20.146.77,6,TCP,770,217,2024-03-28 01:46:22.660207,1711586782.660207100,,,,,,,,,,443,49530,0x0018,4097,518,
217,172.20.146.77,76.223.84.192,6,TCP,66,218,2024-03-28 01:46:22.660227,1711586782.660226800,,,,,,,,,,49530,443,0x0010,753,4813,
218,76.223.84.192,172.20.146.77,6,TCP,54,219,2024-03-28 01:46:22.690998,1711586782.690998300,,,,,,,,,,443,49530,0x0010,4813,753,
219,76.223.84.192,172.20.146.77,6,TLS,341,220,2024-03-28 01:46:22.719582,1711586782.719582400,,,,,,,,,,443,49530,0x0018,4813,753,TLS_Packet_Captured
220,76.223.84.192,172.20.146.77,6,TLS,341,221,2024-03-28 01:46:22.719583,1711586782.719582600,,,,,,,,,,443,49530,0x0018,5100,753,TLS_Packet_Captured
221,172.20.146.77,76.223.84.192,6,TCP,54,222,2024-03-28 01:46:22.719639,1711586782.719638700,,,,,,,,,,49530,443,0x0010,753,5100,
222,172.20.146.77,76.223.84.192,6,TCP,54,223,2024-03-28 01:46:22.719649,1711586782.719648500,,,,,,,,,,49530,443,0x0010,753,5387,
223,76.223.84.192,172.20.146.77,6,TLS,774,224,2024-03-28 01:46:22.720067,1711586782.720067100,,,,,,,,,,443,49530,0x0018,5387,753,TLS_Packet_Captured
224,76.223.84.192,172.20.146.77,6,TLS,1376,225,2024-03-28 01:46:22.720067,1711586782.720067200,,,,,,,,,,443,49530,0x0018,6107,753,TLS_Packet_Captured
225,76.223.84.192,172.20.146.77,6,TLS,1394,226,2024-03-28 01:46:22.720067,1711586782.720067200,,,,,,,,,,443,49530,0x0010,7429,753,TLS_Packet_Captured
226,172.20.146.77,76.223.84.192,6,TCP,54,227,2024-03-28 01:46:22.720076,1711586782.720076400,,,,,,,,,,49530,443,0x0010,753,6107,
227,172.20.146.77,76.223.84.192,6,TCP,54,228,2024-03-28 01:46:22.720081,1711586782.720081100,,,,,,,,,,49530,443,0x0010,753,7429,
228,172.20.146.77,76.223.84.192,6,TCP,54,229,2024-03-28 01:46:22.720083,1711586782.720082600,,,,,,,,,,49530,443,0x0010,753,8769,
229,76.223.84.192,172.20.146.77,6,TLS,1358,230,2024-03-28 01:46:22.730210,1711586782.730210400,,,,,,,,,,443,49530,0x0018,8769,753,TLS_Packet_Captured
230,76.223.84.192,172.20.146.77,6,TLS,596,231,2024-03-28 01:46:22.730211,1711586782.730211000,,,,,,,,,,443,49530,0x0018,10073,753,TLS_Packet_Captured
231,172.20.146.77,76.223.84.192,6,TCP,54,232,2024-03-28 01:46:22.730235,1711586782.730234700,,,,,,,,,,49530,443,0x0010,753,10073,
232,172.20.146.77,76.223.84.192,6,TCP,54,233,2024-03-28 01:46:22.730242,1711586782.730242400,,,,,,,,,,49530,443,0x0010,753,10615,
233,172.20.146.77,172.20.144.1,17,DNS,73,234,2024-03-28 01:46:22.732675,1711586782.732675000,60200,53,www.yahoo.com,,1,0x0001,1,0,0,,,,,,
234,172.20.146.77,172.20.144.1,17,DNS,73,235,2024-03-28 01:46:22.732682,1711586782.732682000,60200,53,www.yahoo.com,,28,0x0001,1,0,0,,,,,,
235,172.20.144.1,172.20.146.77,17,DNS,194,236,2024-03-28 01:46:22.733765,1711586782.733765300,53,60200,www.yahoo.com,www.yahoo.com,1,0x0001,1,3,0,,,,,,
236,172.20.144.1,172.20.146.77,17,DNS,218,237,2024-03-28 01:46:22.734145,1711586782.734145500,53,60200,www.yahoo.com,www.yahoo.com,28,0x0001,1,3,0,,,,,,
237,172.20.146.77,87.248.107.206,6,TCP,74,238,2024-03-28 01:46:22.734933,1711586782.734932800,,,,,,,,,,48894,443,0x0002,0,0,
238,87.248.107.206,172.20.146.77,6,TCP,66,239,2024-03-28 01:46:22.777508,1711586782.777508300,,,,,,,,,,443,48894,0x0012,0,1,
239,172.20.146.77,87.248.107.206,6,TCP,54,240,2024-03-28 01:46:22.777555,1711586782.777554500,,,,,,,,,,48894,443,0x0010,1,1,
240,172.20.146.77,87.248.107.206,6,TLS,571,241,2024-03-28 01:46:22.838790,1711586782.838790200,,,,,,,,,,48894,443,0x0018,1,1,TLS_Packet_Captured
241,87.248.107.206,172.20.146.77,6,TLS,4150,242,2024-03-28 01:46:22.901123,1711586782.901122500,,,,,,,,,,443,48894,0x0018,1,518,TLS_Packet_Captured
242,87.248.107.206,172.20.146.77,6,TLS,739,243,2024-03-28 01:46:22.901123,1711586782.901122700,,,,,,,,,,443,48894,0x0018,4097,518,TLS_Packet_Captured
243,87.248.107.206,172.20.146.77,6,TCP,54,244,2024-03-28 01:46:22.901123,1711586782.901122700,,,,,,,,,,443,48894,0x0010,1,518,
244,172.20.146.77,87.248.107.206,6,TCP,54,245,2024-03-28 01:46:22.901161,1711586782.901160900,,,,,,,,,,48894,443,0x0010,518,4097,
245,172.20.146.77,87.248.107.206,6,TCP,54,246,2024-03-28 01:46:22.901166,1711586782.901165900,,,,,,,,,,48894,443,0x0010,518,4782,
246,172.20.146.77,87.248.107.206,6,TCP,54,247,2024-03-28 01:46:22.901174,1711586782.901173600,,,,,,,,,,48894,443,0x0010,518,4782,
247,172.20.146.77,87.248.107.206,6,TLS,118,248,2024-03-28 01:46:22.902491,1711586782.902490800,,,,,,,,,,48894,443,0x0018,518,4782,TLS_Packet_Captured
248,172.20.146.77,87.248.107.206,6,TLS,225,249,2024-03-28 01:46:22.903182,1711586782.903182200,,,,,,,,,,48894,443,0x0018,582,4782,TLS_Packet_Captured
249,87.248.107.206,172.20.146.77,6,TLS,341,250,2024-03-28 01:46:22.947688,1711586782.947688400,,,,,,,,,,443,48894,0x0018,4782,753,TLS_Packet_Captured
250,87.248.107.206,172.20.146.77,6,TLS,341,251,2024-03-28 01:46:22.947689,1711586782.947688600,,,,,,,,,,443,48894,0x0018,5069,753,TLS_Packet_Captured
251,172.20.146.77,87.248.107.206,6,TCP,54,252,2024-03-28 01:46:22.947707,1711586782.947707200,,,,,,,,,,48894,443,0x0010,753,5069,
252,172.20.146.77,87.248.107.206,6,TCP,54,253,2024-03-28 01:46:22.947733,1711586782.947732700,,,,,,,,,,48894,443,0x0010,753,5356,
253,87.248.107.206,172.20.146.77,6,TLS,164,254,2024-03-28 01:46:23.130156,1711586783.130155600,,,,,,,,,,443,48894,0x0018,6678,753,TLS_Packet_Captured
254,87.248.107.206,172.20.146.77,6,TCP,1376,255,2024-03-28 01:46:23.130156,1711586783.130155700,,,,,,,,,,443,48894,0x0018,5356,753,
255,172.20.146.77,87.248.107.206,6,TCP,66,256,2024-03-28 01:46:23.130174,1711586783.130173700,,,,,,,,,,48894,443,0x0010,753,5356,
256,172.20.146.77,87.248.107.206,6,TCP,54,257,2024-03-28 01:46:23.130204,1711586783.130204400,,,,,,,,,,48894,443,0x0010,753,6788,
257,87.248.107.206,172.20.146.77,6,TLS,1241,258,2024-03-28 01:46:23.141532,1711586783.141532400,,,,,,,,,,443,48894,0x0018,6788,753,TLS_Packet_Captured
258,172.20.146.77,87.248.107.206,6,TCP,54,259,2024-03-28 01:46:23.141550,1711586783.141550200,,,,,,,,,,48894,443,0x0010,753,7975,
259,87.248.107.206,172.20.146.77,6,TLS,1376,260,2024-03-28 01:46:23.217933,1711586783.217933400,,,,,,,,,,443,48894,0x0018,7975,753,TLS_Packet_Captured
260,87.248.107.206,172.20.146.77,6,TLS,1376,261,2024-03-28 01:46:23.217934,1711586783.217933900,,,,,,,,,,443,48894,0x0018,9297,753,TLS_Packet_Captured
261,172.20.146.77,87.248.107.206,6,TCP,54,262,2024-03-28 01:46:23.217952,1711586783.217951600,,,,,,,,,,48894,443,0x0010,753,9297,
262,172.20.146.77,87.248.107.206,6,TCP,54,263,2024-03-28 01:46:23.217983,1711586783.217982700,,,,,,,,,,48894,443,0x0010,753,10619,
263,87.248.107.206,172.20.146.77,6,TLS,2698,264,2024-03-28 01:46:23.226945,1711586783.226945300,,,,,,,,,,443,48894,0x0018,10619,753,TLS_Packet_Captured
264,172.20.146.77,87.248.107.206,6,TCP,54,265,2024-03-28 01:46:23.226961,1711586783.226961000,,,,,,,,,,48894,443,0x0010,753,13263,
265,87.248.107.206,172.20.146.77,6,TLS,1394,266,2024-03-28 01:46:23.227273,1711586783.227272500,,,,,,,,,,443,48894,0x0010,13263,753,TLS_Packet_Captured
266,172.20.146.77,87.248.107.206,6,TCP,54,267,2024-03-28 01:46:23.227297,1711586783.227296600,,,,,,,,,,48894,443,0x0010,753,14603,
267,87.248.107.206,172.20.146.77,6,TLS,5414,268,2024-03-28 01:46:23.227658,1711586783.227657700,,,,,,,,,,443,48894,0x0010,14603,753,TLS_Packet_Captured
268,172.20.146.77,87.248.107.206,6,TCP,54,269,2024-03-28 01:46:23.227664,1711586783.227664100,,,,,,,,,,48894,443,0x0010,753,19963,
269,87.248.107.206,172.20.146.77,6,TLS,1286,270,2024-03-28 01:46:23.227891,1711586783.227891500,,,,,,,,,,443,48894,0x0018,19963,753,TLS_Packet_Captured
270,172.20.146.77,87.248.107.206,6,TCP,54,271,2024-03-28 01:46:23.227897,1711586783.227897200,,,,,,,,,,48894,443,0x0010,753,21195,
271,87.248.107.206,172.20.146.77,6,TLS,1376,272,2024-03-28 01:46:23.250231,1711586783.250231100,,,,,,,,,,443,48894,0x0018,21195,753,TLS_Packet_Captured
272,87.248.107.206,172.20.146.77,6,TLS,2698,273,2024-03-28 01:46:23.250231,1711586783.250231300,,,,,,,,,,443,48894,0x0018,22517,753,TLS_Packet_Captured
273,172.20.146.77,87.248.107.206,6,TCP,54,274,2024-03-28 01:46:23.250269,1711586783.250269000,,,,,,,,,,48894,443,0x0010,753,25161,
274,87.248.107.206,172.20.146.77,6,TLS,2734,275,2024-03-28 01:46:23.256744,1711586783.256743700,,,,,,,,,,443,48894,0x0010,25161,753,TLS_Packet_Captured
275,172.20.146.77,87.248.107.206,6,TCP,54,276,2024-03-28 01:46:23.256758,1711586783.256758300,,,,,,,,,,48894,443,0x0010,753,27841,
276,87.248.107.206,172.20.146.77,6,TLS,10774,277,2024-03-28 01:46:23.257502,1711586783.257502100,,,,,,,,,,443,48894,0x0010,27841,753,TLS_Packet_Captured
277,87.248.107.206,172.20.146.77,6,TLS,316,278,2024-03-28 01:46:23.257527,1711586783.257526900,,,,,,,,,,443,48894,0x0018,39901,753,TLS_Packet_Captured
278,172.20.146.77,87.248.107.206,6,TCP,66,279,2024-03-28 01:46:23.257533,1711586783.257533200,,,,,,,,,,48894,443,0x0010,753,38561,
279,87.248.107.206,172.20.146.77,6,DATA,1394,280,2024-03-28 01:46:23.265522,1711586783.265521600,,,,,,,,,,443,48894,0x0010,38561,753,
280,172.20.146.77,87.248.107.206,6,TCP,54,281,2024-03-28 01:46:23.265554,1711586783.265553600,,,,,,,,,,48894,443,0x0010,753,40163,
281,87.248.107.206,172.20.146.77,6,TLS,1376,282,2024-03-28 01:46:23.308137,1711586783.308136800,,,,,,,,,,443,48894,0x0018,40163,753,TLS_Packet_Captured
282,87.248.107.206,172.20.146.77,6,TLS,1376,283,2024-03-28 01:46:23.308137,1711586783.308137000,,,,,,,,,,443,48894,0x0018,41485,753,TLS_Packet_Captured
283,172.20.146.77,87.248.107.206,6,TCP,54,284,2024-03-28 01:46:23.308216,1711586783.308215600,,,,,,,,,,48894,443,0x0010,753,42807,
284,87.248.107.206,172.20.146.77,6,TLS,2698,285,2024-03-28 01:46:23.308485,1711586783.308485100,,,,,,,,,,443,48894,0x0018,42807,753,TLS_Packet_Captured
285,172.20.146.77,87.248.107.206,6,TCP,54,286,2024-03-28 01:46:23.308491,1711586783.308491300,,,,,,,,,,48894,443,0x0010,753,45451,
286,87.248.107.206,172.20.146.77,6,TLS,10630,287,2024-03-28 01:46:23.309389,1711586783.309388600,,,,,,,,,,443,48894,0x0018,45451,753,TLS_Packet_Captured
287,87.248.107.206,172.20.146.77,6,TLS,1376,288,2024-03-28 01:46:23.309395,1711586783.309395200,,,,,,,,,,443,48894,0x0018,56027,753,TLS_Packet_Captured
288,87.248.107.206,172.20.146.77,6,TLS,2527,289,2024-03-28 01:46:23.309781,1711586783.309781100,,,,,,,,,,443,48894,0x0018,57349,753,TLS_Packet_Captured
289,87.248.107.206,172.20.146.77,6,TLS,1376,290,2024-03-28 01:46:23.309781,1711586783.309781200,,,,,,,,,,443,48894,0x0018,59822,753,TLS_Packet_Captured
290,87.248.107.206,172.20.146.77,6,TLS,1376,291,2024-03-28 01:46:23.309781,1711586783.309781200,,,,,,,,,,443,48894,0x0018,61144,753,TLS_Packet_Captured
291,172.20.146.77,87.248.107.206,6,TCP,54,292,2024-03-28 01:46:23.310864,1711586783.310864100,,,,,,,,,,48894,443,0x0010,753,62466,
292,87.248.107.206,172.20.146.77,6,TLS,1394,293,2024-03-28 01:46:23.311266,1711586783.311266100,,,,,,,,,,443,48894,0x0010,62466,753,TLS_Packet_Captured
293,87.248.107.206,172.20.146.77,6,TLS,1358,294,2024-03-28 01:46:23.311766,1711586783.311765600,,,,,,,,,,443,48894,0x0018,63806,753,TLS_Packet_Captured
294,87.248.107.206,172.20.146.77,6,TLS,5414,295,2024-03-28 01:46:23.311766,1711586783.311765700,,,,,,,,,,443,48894,0x0010,65110,753,TLS_Packet_Captured
295,172.20.146.77,87.248.107.206,6,TCP,54,296,2024-03-28 01:46:23.312931,1711586783.312931300,,,,,,,,,,48894,443,0x0010,753,70470,
296,87.248.107.206,172.20.146.77,6,TLS,2734,297,2024-03-28 01:46:23.322066,1711586783.322066200,,,,,,,,,,443,48894,0x0010,70470,753,TLS_Packet_Captured
297,172.20.146.77,87.248.107.206,6,TCP,54,298,2024-03-28 01:46:23.322081,1711586783.322080500,,,,,,,,,,48894,443,0x0010,753,73150,
298,87.248.107.206,172.20.146.77,6,TLS,6754,299,2024-03-28 01:46:23.322593,1711586783.322593500,,,,,,,,,,443,48894,0x0010,73150,753,TLS_Packet_Captured
299,172.20.146.77,87.248.107.206,6,TCP,54,300,2024-03-28 01:46:23.322600,1711586783.322599900,,,,,,,,,,48894,443,0x0010,753,79850,
300,87.248.107.206,172.20.146.77,6,TLS,2734,301,2024-03-28 01:46:23.350775,1711586783.350774600,,,,,,,,,,443,48894,0x0010,79850,753,TLS_Packet_Captured
301,172.20.146.77,87.248.107.206,6,TCP,54,302,2024-03-28 01:46:23.350789,1711586783.350789100,,,,,,,,,,48894,443,0x0010,753,82530,
302,87.248.107.206,172.20.146.77,6,TLS,2734,303,2024-03-28 01:46:23.361988,1711586783.361988000,,,,,,,,,,443,48894,0x0010,82530,753,TLS_Packet_Captured
303,172.20.146.77,87.248.107.206,6,TCP,54,304,2024-03-28 01:46:23.361999,1711586783.361999300,,,,,,,,,,48894,443,0x0010,753,85210,
304,87.248.107.206,172.20.146.77,6,TLS,13454,305,2024-03-28 01:46:23.382354,1711586783.382353900,,,,,,,,,,443,48894,0x0010,85210,753,TLS_Packet_Captured
305,172.20.146.77,87.248.107.206,6,TCP,54,306,2024-03-28 01:46:23.382403,1711586783.382403400,,,,,,,,,,48894,443,0x0010,753,98610,
306,87.248.107.206,172.20.146.77,6,TLS,1394,307,2024-03-28 01:46:23.388862,1711586783.388862300,,,,,,,,,,443,48894,0x0010,98610,753,TLS_Packet_Captured
307,172.20.146.77,87.248.107.206,6,TCP,54,308,2024-03-28 01:46:23.388876,1711586783.388876300,,,,,,,,,,48894,443,0x0010,753,99950,
308,87.248.107.206,172.20.146.77,6,TLS,7029,309,2024-03-28 01:46:23.392497,1711586783.392496800,,,,,,,,,,443,48894,0x0018,99950,753,TLS_Packet_Captured
309,172.20.146.77,87.248.107.206,6,TCP,54,310,2024-03-28 01:46:23.392505,1711586783.392505400,,,,,,,,,,48894,443,0x0010,753,106925,
310,87.248.107.206,172.20.146.77,6,TLS,1376,311,2024-03-28 01:46:23.394656,1711586783.394655800,,,,,,,,,,443,48894,0x0018,106925,753,TLS_Packet_Captured
311,87.248.107.206,172.20.146.77,6,TLS,1376,312,2024-03-28 01:46:23.394656,1711586783.394656000,,,,,,,,,,443,48894,0x0018,108247,753,TLS_Packet_Captured
312,87.248.107.206,172.20.146.77,6,TLS,2698,313,2024-03-28 01:46:23.394656,1711586783.394656000,,,,,,,,,,443,48894,0x0018,109569,753,TLS_Packet_Captured
313,87.248.107.206,172.20.146.77,6,TLS,8094,314,2024-03-28 01:46:23.394656,1711586783.394656100,,,,,,,,,,443,48894,0x0010,112213,753,TLS_Packet_Captured
314,172.20.146.77,87.248.107.206,6,TCP,54,315,2024-03-28 01:46:23.394667,1711586783.394667000,,,,,,,,,,48894,443,0x0010,753,108247,
315,172.20.146.77,87.248.107.206,6,TCP,54,316,2024-03-28 01:46:23.394670,1711586783.394670100,,,,,,,,,,48894,443,0x0010,753,109569,
316,172.20.146.77,87.248.107.206,6,TCP,54,317,2024-03-28 01:46:23.394672,1711586783.394671600,,,,,,,,,,48894,443,0x0010,753,112213,
317,172.20.146.77,87.248.107.206,6,TCP,54,318,2024-03-28 01:46:23.394673,1711586783.394672800,,,,,,,,,,48894,443,0x0010,753,120253,
318,87.248.107.206,172.20.146.77,6,TLS,3396,319,2024-03-28 01:46:23.395064,1711586783.395064300,,,,,,,,,,443,48894,0x0018,120253,753,TLS_Packet_Captured
319,87.248.107.206,172.20.146.77,6,TLS,1376,320,2024-03-28 01:46:23.395065,1711586783.395064500,,,,,,,,,,443,48894,0x0018,123595,753,TLS_Packet_Captured
320,87.248.107.206,172.20.146.77,6,TLS,1394,321,2024-03-28 01:46:23.395065,1711586783.395064500,,,,,,,,,,443,48894,0x0010,124917,753,TLS_Packet_Captured
321,172.20.146.77,87.248.107.206,6,TCP,54,322,2024-03-28 01:46:23.395072,1711586783.395071800,,,,,,,,,,48894,443,0x0010,753,123595,
322,172.20.146.77,87.248.107.206,6,TCP,54,323,2024-03-28 01:46:23.395076,1711586783.395075500,,,,,,,,,,48894,443,0x0010,753,124917,
323,172.20.146.77,87.248.107.206,6,TCP,54,324,2024-03-28 01:46:23.395077,1711586783.395076900,,,,,,,,,,48894,443,0x0010,753,126257,
324,87.248.107.206,172.20.146.77,6,TLS,1358,325,2024-03-28 01:46:23.399771,1711586783.399770800,,,,,,,,,,443,48894,0x0018,126257,753,TLS_Packet_Captured
325,87.248.107.206,172.20.146.77,6,TLS,1394,326,2024-03-28 01:46:23.399771,1711586783.399770900,,,,,,,,,,443,48894,0x0010,127561,753,TLS_Packet_Captured
326,172.20.146.77,87.248.107.206,6,TCP,54,327,2024-03-28 01:46:23.399783,1711586783.399783200,,,,,,,,,,48894,443,0x0010,753,127561,
327,172.20.146.77,87.248.107.206,6,TCP,54,328,2024-03-28 01:46:23.399788,1711586783.399787800,,,,,,,,,,48894,443,0x0010,753,128901,
328,87.248.107.206,172.20.146.77,6,TLS,2680,329,2024-03-28 01:46:23.400518,1711586783.400518200,,,,,,,,,,443,48894,0x0018,128901,753,TLS_Packet_Captured
329,87.248.107.206,172.20.146.77,6,TLS,8094,330,2024-03-28 01:46:23.400518,1711586783.400518300,,,,,,,,,,443,48894,0x0010,131527,753,TLS_Packet_Captured
330,172.20.146.77,87.248.107.206,6,TCP,54,331,2024-03-28 01:46:23.400526,1711586783.400526000,,,,,,,,,,48894,443,0x0010,753,131527,
331,172.20.146.77,87.248.107.206,6,TCP,54,332,2024-03-28 01:46:23.400529,1711586783.400528700,,,,,,,,,,48894,443,0x0010,753,139567,
332,87.248.107.206,172.20.146.77,6,TLS,13454,333,2024-03-28 01:46:23.401537,1711586783.401537500,,,,,,,,,,443,48894,0x0010,139567,753,TLS_Packet_Captured
333,172.20.146.77,87.248.107.206,6,TCP,54,334,2024-03-28 01:46:23.401548,1711586783.401548500,,,,,,,,,,48894,443,0x0010,753,152967,
334,87.248.107.206,172.20.146.77,6,TLS,2734,335,2024-03-28 01:46:23.401783,1711586783.401782500,,,,,,,,,,443,48894,0x0010,152967,753,TLS_Packet_Captured
335,172.20.146.77,87.248.107.206,6,TCP,54,336,2024-03-28 01:46:23.401788,1711586783.401788200,,,,,,,,,,48894,443,0x0010,753,155647,
336,87.248.107.206,172.20.146.77,6,TLS,2734,337,2024-03-28 01:46:23.410787,1711586783.410786800,,,,,,,,,,443,48894,0x0010,155647,753,TLS_Packet_Captured
337,172.20.146.77,87.248.107.206,6,TCP,54,338,2024-03-28 01:46:23.410797,1711586783.410796900,,,,,,,,,,48894,443,0x0010,753,158327,
338,87.248.107.206,172.20.146.77,6,TLS,1352,339,2024-03-28 01:46:23.411596,1711586783.411596000,,,,,,,,,,443,48894,0x0018,158327,753,TLS_Packet_Captured
339,87.248.107.206,172.20.146.77,6,TLS,1376,340,2024-03-28 01:46:23.411596,1711586783.411596000,,,,,,,,,,443,48894,0x0018,159625,753,TLS_Packet_Captured
340,87.248.107.206,172.20.146.77,6,TLS,1376,341,2024-03-28 01:46:23.411596,1711586783.411596100,,,,,,,,,,443,48894,0x0018,160947,753,TLS_Packet_Captured
341,87.248.107.206,172.20.146.77,6,TLS,6754,342,2024-03-28 01:46:23.411596,1711586783.411596100,,,,,,,,,,443,48894,0x0010,162269,753,TLS_Packet_Captured
342,172.20.146.77,87.248.107.206,6,TCP,54,343,2024-03-28 01:46:23.411605,1711586783.411604600,,,,,,,,,,48894,443,0x0010,753,159625,
343,172.20.146.77,87.248.107.206,6,TCP,54,344,2024-03-28 01:46:23.411608,1711586783.411607600,,,,,,,,,,48894,443,0x0010,753,160947,
344,172.20.146.77,87.248.107.206,6,TCP,54,345,2024-03-28 01:46:23.411609,1711586783.411609000,,,,,,,,,,48894,443,0x0010,753,162269,
345,172.20.146.77,87.248.107.206,6,TCP,54,346,2024-03-28 01:46:23.411610,1711586783.411610400,,,,,,,,,,48894,443,0x0010,753,168969,
346,87.248.107.206,172.20.146.77,6,TLS,2734,347,2024-03-28 01:46:23.429085,1711586783.429085200,,,,,,,,,,443,48894,0x0010,168969,753,TLS_Packet_Captured
347,172.20.146.77,87.248.107.206,6,TCP,54,348,2024-03-28 01:46:23.429103,1711586783.429102800,,,,,,,,,,48894,443,0x0010,753,171649,
348,87.248.107.206,172.20.146.77,6,TLS,2734,349,2024-03-28 01:46:23.429487,1711586783.429487400,,,,,,,,,,443,48894,0x0010,171649,753,TLS_Packet_Captured
349,172.20.146.77,87.248.107.206,6,TCP,54,350,2024-03-28 01:46:23.429500,1711586783.429500400,,,,,,,,,,48894,443,0x0010,753,174329,
350,87.248.107.206,172.20.146.77,6,TLS,2734,351,2024-03-28 01:46:23.431701,1711586783.431701300,,,,,,,,,,443,48894,0x0010,174329,753,TLS_Packet_Captured
351,172.20.146.77,87.248.107.206,6,TCP,54,352,2024-03-28 01:46:23.431719,1711586783.431718700,,,,,,,,,,48894,443,0x0010,753,177009,
352,87.248.107.206,172.20.146.77,6,TLS,9434,353,2024-03-28 01:46:23.432592,1711586783.432591700,,,,,,,,,,443,48894,0x0010,177009,753,TLS_Packet_Captured
353,172.20.146.77,87.248.107.206,6,TCP,54,354,2024-03-28 01:46:23.432613,1711586783.432613200,,,,,,,,,,48894,443,0x0010,753,186389,
354,87.248.107.206,172.20.146.77,6,TLS,6754,355,2024-03-28 01:46:23.433558,1711586783.433558000,,,,,,,,,,443,48894,0x0010,186389,753,TLS_Packet_Captured
355,172.20.146.77,87.248.107.206,6,TCP,54,356,2024-03-28 01:46:23.433575,1711586783.433575500,,,,,,,,,,48894,443,0x0010,753,193089,
356,87.248.107.206,172.20.146.77,6,TLS,2734,357,2024-03-28 01:46:23.439947,1711586783.439946900,,,,,,,,,,443,48894,0x0010,193089,753,TLS_Packet_Captured
357,172.20.146.77,87.248.107.206,6,TCP,54,358,2024-03-28 01:46:23.439965,1711586783.439964900,,,,,,,,,,48894,443,0x0010,753,195769,
358,87.248.107.206,172.20.146.77,6,TLS,2734,359,2024-03-28 01:46:23.441932,1711586783.441931800,,,,,,,,,,443,48894,0x0010,195769,753,TLS_Packet_Captured
359,172.20.146.77,87.248.107.206,6,TCP,54,360,2024-03-28 01:46:23.441949,1711586783.441949200,,,,,,,,,,48894,443,0x0010,753,198449,
360,87.248.107.206,172.20.146.77,6,TLS,9434,361,2024-03-28 01:46:23.442461,1711586783.442460800,,,,,,,,,,443,48894,0x0010,198449,753,TLS_Packet_Captured
361,172.20.146.77,87.248.107.206,6,TCP,54,362,2024-03-28 01:46:23.442476,1711586783.442475500,,,,,,,,,,48894,443,0x0010,753,207829,
362,87.248.107.206,172.20.146.77,6,TLS,2734,363,2024-03-28 01:46:23.444582,1711586783.444582200,,,,,,,,,,443,48894,0x0010,207829,753,TLS_Packet_Captured
363,172.20.146.77,87.248.107.206,6,TCP,54,364,2024-03-28 01:46:23.444600,1711586783.444600300,,,,,,,,,,48894,443,0x0010,753,210509,
364,87.248.107.206,172.20.146.77,6,TLS,4074,365,2024-03-28 01:46:23.445045,1711586783.445045500,,,,,,,,,,443,48894,0x0010,210509,753,TLS_Packet_Captured
365,172.20.146.77,87.248.107.206,6,TCP,54,366,2024-03-28 01:46:23.445059,1711586783.445058800,,,,,,,,,,48894,443,0x0010,753,214529,
366,87.248.107.206,172.20.146.77,6,TLS,2734,367,2024-03-28 01:46:23.451314,1711586783.451313800,,,,,,,,,,443,48894,0x0010,214529,753,TLS_Packet_Captured
367,172.20.146.77,87.248.107.206,6,TCP,54,368,2024-03-28 01:46:23.451337,1711586783.451337100,,,,,,,,,,48894,443,0x0010,753,217209,
368,87.248.107.206,172.20.146.77,6,TLS,1394,369,2024-03-28 01:46:23.451376,1711586783.451375700,,,,,,,,,,443,48894,0x0010,217209,753,TLS_Packet_Captured
369,87.248.107.206,172.20.146.77,6,TLS,115,370,2024-03-28 01:46:23.451376,1711586783.451375800,,,,,,,,,,443,48894,0x0018,219889,753,TLS_Packet_Captured
370,87.248.107.206,172.20.146.77,6,DATA,1394,371,2024-03-28 01:46:23.451376,1711586783.451375800,,,,,,,,,,443,48894,0x0010,218549,753,
371,172.20.146.77,87.248.107.206,6,TCP,54,372,2024-03-28 01:46:23.451383,1711586783.451383000,,,,,,,,,,48894,443,0x0010,753,218549,
372,172.20.146.77,87.248.107.206,6,TCP,66,373,2024-03-28 01:46:23.451387,1711586783.451387400,,,,,,,,,,48894,443,0x0010,753,218549,
373,172.20.146.77,87.248.107.206,6,TCP,54,374,2024-03-28 01:46:23.451389,1711586783.451389400,,,,,,,,,,48894,443,0x0010,753,219950,
374,87.248.107.206,172.20.146.77,6,TLS,1376,375,2024-03-28 01:46:23.471145,1711586783.471145200,,,,,,,,,,443,48894,0x0018,219950,753,TLS_Packet_Captured
375,87.248.107.206,172.20.146.77,6,TLS,1394,376,2024-03-28 01:46:23.471145,1711586783.471145400,,,,,,,,,,443,48894,0x0010,221272,753,TLS_Packet_Captured
376,172.20.146.77,87.248.107.206,6,TCP,54,377,2024-03-28 01:46:23.471165,1711586783.471164900,,,,,,,,,,48894,443,0x0010,753,221272,
377,172.20.146.77,87.248.107.206,6,TCP,54,378,2024-03-28 01:46:23.471196,1711586783.471195700,,,,,,,,,,48894,443,0x0010,753,222612,
378,87.248.107.206,172.20.146.77,6,TLS,1358,379,2024-03-28 01:46:23.474221,1711586783.474221500,,,,,,,,,,443,48894,0x0018,222612,753,TLS_Packet_Captured
379,87.248.107.206,172.20.146.77,6,TLS,1376,380,2024-03-28 01:46:23.474222,1711586783.474221700,,,,,,,,,,443,48894,0x0018,223916,753,TLS_Packet_Captured
380,172.20.146.77,87.248.107.206,6,TCP,54,381,2024-03-28 01:46:23.474241,1711586783.474240600,,,,,,,,,,48894,443,0x0010,753,223916,
381,172.20.146.77,87.248.107.206,6,TCP,54,382,2024-03-28 01:46:23.474272,1711586783.474271700,,,,,,,,,,48894,443,0x0010,753,225238,
382,87.248.107.206,172.20.146.77,6,TLS,2698,383,2024-03-28 01:46:23.475149,1711586783.475149100,,,,,,,,,,443,48894,0x0018,225238,753,TLS_Packet_Captured
383,87.248.107.206,172.20.146.77,6,TLS,2468,384,2024-03-28 01:46:23.475149,1711586783.475149300,,,,,,,,,,443,48894,0x0018,227882,753,TLS_Packet_Captured
384,87.248.107.206,172.20.146.77,6,TLS,1376,385,2024-03-28 01:46:23.475149,1711586783.475149400,,,,,,,,,,443,48894,0x0018,230296,753,TLS_Packet_Captured
385,87.248.107.206,172.20.146.77,6,TLS,1376,386,2024-03-28 01:46:23.475149,1711586783.475149400,,,,,,,,,,443,48894,0x0018,231618,753,TLS_Packet_Captured
386,87.248.107.206,172.20.146.77,6,TLS,1376,387,2024-03-28 01:46:23.475149,1711586783.475149400,,,,,,,,,,443,48894,0x0018,232940,753,TLS_Packet_Captured
387,87.248.107.206,172.20.146.77,6,TLS,2698,388,2024-03-28 01:46:23.475149,1711586783.475149400,,,,,,,,,,443,48894,0x0018,234262,753,TLS_Packet_Captured
388,172.20.146.77,87.248.107.206,6,TCP,54,389,2024-03-28 01:46:23.475170,1711586783.475169900,,,,,,,,,,48894,443,0x0010,753,227882,
389,172.20.146.77,87.248.107.206,6,TCP,54,390,2024-03-28 01:46:23.475201,1711586783.475201100,,,,,,,,,,48894,443,0x0010,753,230296,
390,172.20.146.77,87.248.107.206,6,TCP,54,391,2024-03-28 01:46:23.475204,1711586783.475203600,,,,,,,,,,48894,443,0x0010,753,231618,
391,172.20.146.77,87.248.107.206,6,TCP,54,392,2024-03-28 01:46:23.475205,1711586783.475205000,,,,,,,,,,48894,443,0x0010,753,232940,
392,172.20.146.77,87.248.107.206,6,TCP,54,393,2024-03-28 01:46:23.475206,1711586783.475206400,,,,,,,,,,48894,443,0x0010,753,234262,
393,172.20.146.77,87.248.107.206,6,TCP,54,394,2024-03-28 01:46:23.475208,1711586783.475207700,,,,,,,,,,48894,443,0x0010,753,236906,
394,87.248.107.206,172.20.146.77,6,TLS,1376,395,2024-03-28 01:46:23.504252,1711586783.504251800,,,,,,,,,,443,48894,0x0018,236906,753,TLS_Packet_Captured
395,87.248.107.206,172.20.146.77,6,TLS,1376,396,2024-03-28 01:46:23.504252,1711586783.504252000,,,,,,,,,,443,48894,0x0018,238228,753,TLS_Packet_Captured
396,87.248.107.206,172.20.146.77,6,TLS,2126,397,2024-03-28 01:46:23.504252,1711586783.504252100,,,,,,,,,,443,48894,0x0018,239550,753,TLS_Packet_Captured
397,87.248.107.206,172.20.146.77,6,TLS,4074,398,2024-03-28 01:46:23.504252,1711586783.504252100,,,,,,,,,,443,48894,0x0010,241622,753,TLS_Packet_Captured
398,172.20.146.77,87.248.107.206,6,TCP,54,399,2024-03-28 01:46:23.504272,1711586783.504271400,,,,,,,,,,48894,443,0x0010,753,238228,
399,172.20.146.77,87.248.107.206,6,TCP,54,400,2024-03-28 01:46:23.504304,1711586783.504304100,,,,,,,,,,48894,443,0x0010,753,239550,
400,172.20.146.77,87.248.107.206,6,TCP,54,401,2024-03-28 01:46:23.504307,1711586783.504306900,,,,,,,,,,48894,443,0x0010,753,241622,
401,172.20.146.77,87.248.107.206,6,TCP,54,402,2024-03-28 01:46:23.504308,1711586783.504308300,,,,,,,,,,48894,443,0x0010,753,245642,
402,87.248.107.206,172.20.146.77,6,TLS,2734,403,2024-03-28 01:46:23.504613,1711586783.504613500,,,,,,,,,,443,48894,0x0010,245642,753,TLS_Packet_Captured
403,172.20.146.77,87.248.107.206,6,TCP,54,404,2024-03-28 01:46:23.504632,1711586783.504632200,,,,,,,,,,48894,443,0x0010,753,248322,
404,87.248.107.206,172.20.146.77,6,TLS,1394,405,2024-03-28 01:46:23.504638,1711586783.504638100,,,,,,,,,,443,48894,0x0010,248322,753,TLS_Packet_Captured
405,172.20.146.77,87.248.107.206,6,TCP,54,406,2024-03-28 01:46:23.504641,1711586783.504641300,,,,,,,,,,48894,443,0x0010,753,249662,
406,87.248.107.206,172.20.146.77,6,TLS,2734,407,2024-03-28 01:46:23.506060,1711586783.506059800,,,,,,,,,,443,48894,0x0010,249662,753,TLS_Packet_Captured
407,87.248.107.206,172.20.146.77,6,TLS,192,408,2024-03-28 01:46:23.506060,1711586783.506059900,,,,,,,,,,443,48894,0x0018,253682,753,TLS_Packet_Captured
408,87.248.107.206,172.20.146.77,6,TCP,1394,409,2024-03-28 01:46:23.506060,1711586783.506059900,,,,,,,,,,443,48894,0x0010,252342,753,
409,87.248.107.206,172.20.146.77,6,TLS,7986,410,2024-03-28 01:46:23.506060,1711586783.506059900,,,,,,,,,,443,48894,0x0018,253820,753,TLS_Packet_Captured
410,172.20.146.77,87.248.107.206,6,TCP,54,411,2024-03-28 01:46:23.506079,1711586783.506079100,,,,,,,,,,48894,443,0x0010,753,252342,
411,172.20.146.77,87.248.107.206,6,TCP,66,412,2024-03-28 01:46:23.506111,1711586783.506110900,,,,,,,,,,48894,443,0x0010,753,252342,
412,172.20.146.77,87.248.107.206,6,TCP,54,413,2024-03-28 01:46:23.506114,1711586783.506114400,,,,,,,,,,48894,443,0x0010,753,253820,
413,172.20.146.77,87.248.107.206,6,TCP,54,414,2024-03-28 01:46:23.506116,1711586783.506115800,,,,,,,,,,48894,443,0x0010,753,261752,
414,87.248.107.206,172.20.146.77,6,TLS,4074,415,2024-03-28 01:46:23.506119,1711586783.506119100,,,,,,,,,,443,48894,0x0010,261752,753,TLS_Packet_Captured
415,172.20.146.77,87.248.107.206,6,TCP,54,416,2024-03-28 01:46:23.506121,1711586783.506121000,,,,,,,,,,48894,443,0x0010,753,265772,
416,87.248.107.206,172.20.146.77,6,TLS,4074,417,2024-03-28 01:46:23.506406,1711586783.506406200,,,,,,,,,,443,48894,0x0010,265772,753,TLS_Packet_Captured
417,87.248.107.206,172.20.146.77,6,TLS,321,418,2024-03-28 01:46:23.506406,1711586783.506406400,,,,,,,,,,443,48894,0x0018,271132,753,TLS_Packet_Captured
418,87.248.107.206,172.20.146.77,6,DATA,1394,419,2024-03-28 01:46:23.506406,1711586783.506406400,,,,,,,,,,443,48894,0x0010,269792,753,
419,172.20.146.77,87.248.107.206,6,TCP,54,420,2024-03-28 01:46:23.506426,1711586783.506425600,,,,,,,,,,48894,443,0x0010,753,269792,
420,172.20.146.77,87.248.107.206,6,TCP,66,421,2024-03-28 01:46:23.506432,1711586783.506431800,,,,,,,,,,48894,443,0x0010,753,269792,
421,172.20.146.77,87.248.107.206,6,TCP,54,422,2024-03-28 01:46:23.506434,1711586783.506434200,,,,,,,,,,48894,443,0x0010,753,271399,
422,172.20.146.77,87.248.107.206,6,TCP,54,423,2024-03-28 01:46:23.507356,1711586783.507355700,,,,,,,,,,48890,443,0x0011,753,271680,
423,172.20.146.77,76.223.84.192,6,TCP,54,424,2024-03-28 01:46:23.508015,1711586783.508015200,,,,,,,,,,49526,443,0x0011,753,10614,
424,172.20.146.77,172.20.144.1,17,DNS,78,425,2024-03-28 01:46:23.509330,1711586783.509329600,52489,53,www.news.yahoo.com,,1,0x0001,1,0,0,,,,,,
425,172.20.146.77,172.20.144.1,17,DNS,78,426,2024-03-28 01:46:23.509334,1711586783.509333600,52489,53,www.news.yahoo.com,,28,0x0001,1,0,0,,,,,,
426,172.20.144.1,172.20.146.77,17,DNS,358,427,2024-03-28 01:46:23.510284,1711586783.510283900,53,52489,www.news.yahoo.com,www.news.yahoo.com,1,0x0001,1,5,0,,,,,,
427,172.20.144.1,172.20.146.77,17,DNS,284,428,2024-03-28 01:46:23.510609,1711586783.510609100,53,52489,www.news.yahoo.com,www.news.yahoo.com,28,0x0001,1,3,0,,,,,,
428,172.20.146.77,76.223.84.192,6,TCP,74,429,2024-03-28 01:46:23.510823,1711586783.510823300,,,,,,,,,,49534,443,0x0002,0,0,
429,76.223.84.192,172.20.146.77,6,TCP,66,430,2024-03-28 01:46:23.551159,1711586783.551159200,,,,,,,,,,443,49534,0x0012,0,1,
430,172.20.146.77,76.223.84.192,6,TCP,54,431,2024-03-28 01:46:23.551207,1711586783.551207300,,,,,,,,,,49534,443,0x0010,1,1,
431,76.223.84.192,172.20.146.77,6,TCP,54,432,2024-03-28 01:46:23.553163,1711586783.553162900,,,,,,,,,,443,49526,0x0011,10614,754,
432,172.20.146.77,76.223.84.192,6,TCP,54,433,2024-03-28 01:46:23.553179,1711586783.553178900,,,,,,,,,,49526,443,0x0010,754,10615,
433,87.248.107.206,172.20.146.77,6,TCP,54,434,2024-03-28 01:46:23.568605,1711586783.568605400,,,,,,,,,,443,48890,0x0011,271680,754,
434,172.20.146.77,87.248.107.206,6,TCP,54,435,2024-03-28 01:46:23.568622,1711586783.568622100,,,,,,,,,,48890,443,0x0010,754,271681,
435,172.20.146.77,76.223.84.192,6,TLS,571,436,2024-03-28 01:46:23.604402,1711586783.604401800,,,,,,,,,,49534,443,0x0018,1,1,TLS_Packet_Captured
436,76.223.84.192,172.20.146.77,6,TCP,54,437,2024-03-28 01:46:23.650891,1711586783.650890600,,,,,,,,,,443,49534,0x0010,1,518,
437,76.223.84.192,172.20.146.77,6,TLS,1394,438,2024-03-28 01:46:23.681586,1711586783.681586100,,,,,,,,,,443,49534,0x0010,1,518,TLS_Packet_Captured
438,172.20.146.77,76.223.84.192,6,TCP,54,439,2024-03-28 01:46:23.681603,1711586783.681603100,,,,,,,,,,49534,443,0x0010,518,1341,
439,76.223.84.192,172.20.146.77,6,TCP,2810,440,2024-03-28 01:46:23.685514,1711586783.685514500,,,,,,,,,,443,49534,0x0018,1341,518,
440,76.223.84.192,172.20.146.77,6,TLS,769,441,2024-03-28 01:46:23.685515,1711586783.685514700,,,,,,,,,,443,49534,0x0018,4097,518,TLS_Packet_Captured
441,76.223.84.192,172.20.146.77,6,TCP,769,442,2024-03-28 01:46:23.685515,1711586783.685514700,,,,,,,,,,443,49534,0x0018,4097,518,
442,172.20.146.77,76.223.84.192,6,TCP,54,443,2024-03-28 01:46:23.685559,1711586783.685558900,,,,,,,,,,49534,443,0x0010,518,4097,
443,172.20.146.77,76.223.84.192,6,TCP,54,444,2024-03-28 01:46:23.685564,1711586783.685564000,,,,,,,,,,49534,443,0x0010,518,4812,
444,172.20.146.77,76.223.84.192,6,TCP,66,445,2024-03-28 01:46:23.685566,1711586783.685566500,,,,,,,,,,49534,443,0x0010,518,4812,
445,172.20.146.77,76.223.84.192,6,TLS,118,446,2024-03-28 01:46:23.686883,1711586783.686883500,,,,,,,,,,49534,443,0x0018,518,4812,TLS_Packet_Captured
446,172.20.146.77,76.223.84.192,6,TLS,225,447,2024-03-28 01:46:23.687056,1711586783.687055700,,,,,,,,,,49534,443,0x0018,582,4812,TLS_Packet_Captured
447,76.223.84.192,172.20.146.77,6,TCP,54,448,2024-03-28 01:46:23.731147,1711586783.731146600,,,,,,,,,,443,49534,0x0010,4812,753,
448,76.223.84.192,172.20.146.77,6,TLS,341,449,2024-03-28 01:46:23.747858,1711586783.747857900,,,,,,,,,,443,49534,0x0018,4812,753,TLS_Packet_Captured
449,172.20.146.77,76.223.84.192,6,TCP,54,450,2024-03-28 01:46:23.747875,1711586783.747875300,,,,,,,,,,49534,443,0x0010,753,5099,
450,76.223.84.192,172.20.146.77,6,TLS,341,451,2024-03-28 01:46:23.748142,1711586783.748142600,,,,,,,,,,443,49534,0x0018,5099,753,TLS_Packet_Captured
451,172.20.146.77,76.223.84.192,6,TCP,54,452,2024-03-28 01:46:23.748149,1711586783.748149100,,,,,,,,,,49534,443,0x0010,753,5386,
452,76.223.84.192,172.20.146.77,6,TLS,774,453,2024-03-28 01:46:23.753776,1711586783.753776300,,,,,,,,,,443,49534,0x0018,5386,753,TLS_Packet_Captured
453,172.20.146.77,76.223.84.192,6,TCP,54,454,2024-03-28 01:46:23.753784,1711586783.753784300,,,,,,,,,,49534,443,0x0010,753,6106,
454,76.223.84.192,172.20.146.77,6,TLS,1376,455,2024-03-28 01:46:23.758372,1711586783.758371900,,,,,,,,,,443,49534,0x0018,6106,753,TLS_Packet_Captured
455,172.20.146.77,76.223.84.192,6,TCP,54,456,2024-03-28 01:46:23.758405,1711586783.758405100,,,,,,,,,,49534,443,0x0010,753,7428,
456,76.223.84.192,172.20.146.77,6,TLS,3240,457,2024-03-28 01:46:23.760578,1711586783.760577900,,,,,,,,,,443,49534,0x0018,7428,753,TLS_Packet_Captured
457,172.20.146.77,76.223.84.192,6,TCP,54,458,2024-03-28 01:46:23.760588,1711586783.760587800,,,,,,,,,,49534,443,0x0010,753,10614,
458,172.20.146.77,172.20.144.1,17,DNS,73,459,2024-03-28 01:46:23.763195,1711586783.763195200,56719,53,www.yahoo.com,,1,0x0001,1,0,0,,,,,,
459,172.20.146.77,172.20.144.1,17,DNS,73,460,2024-03-28 01:46:23.763199,1711586783.763199100,56719,53,www.yahoo.com,,28,0x0001,1,0,0,,,,,,
460,172.20.144.1,172.20.146.77,17,DNS,194,461,2024-03-28 01:46:23.764080,1711586783.764079600,53,56719,www.yahoo.com,www.yahoo.com,1,0x0001,1,3,0,,,,,,
461,172.20.144.1,172.20.146.77,17,DNS,218,462,2024-03-28 01:46:23.764447,1711586783.764446800,53,56719,www.yahoo.com,www.yahoo.com,28,0x0001,1,3,0,,,,,,
462,172.20.146.77,87.248.107.206,6,TCP,74,463,2024-03-28 01:46:23.765451,1711586783.765451200,,,,,,,,,,48898,443,0x0002,0,0,
463,87.248.107.206,172.20.146.77,6,TCP,66,464,2024-03-28 01:46:23.806542,1711586783.806542100,,,,,,,,,,443,48898,0x0012,0,1,
464,172.20.146.77,87.248.107.206,6,TCP,54,465,2024-03-28 01:46:23.806566,1711586783.806565800,,,,,,,,,,48898,443,0x0010,1,1,
465,172.20.146.77,87.248.107.206,6,TLS,571,466,2024-03-28 01:46:23.859596,1711586783.859596600,,,,,,,,,,48898,443,0x0018,1,1,TLS_Packet_Captured
466,87.248.107.206,172.20.146.77,6,TLS,1394,467,2024-03-28 01:46:23.909631,1711586783.909631500,,,,,,,,,,443,48898,0x0010,1,518,TLS_Packet_Captured
467,172.20.146.77,87.248.107.206,6,TCP,54,468,2024-03-28 01:46:23.909652,1711586783.909651600,,,,,,,,,,48898,443,0x0010,518,1341,
468,87.248.107.206,172.20.146.77,6,TCP,2810,469,2024-03-28 01:46:23.911398,1711586783.911398200,,,,,,,,,,443,48898,0x0018,1341,518,
469,172.20.146.77,87.248.107.206,6,TCP,54,470,2024-03-28 01:46:23.911407,1711586783.911407200,,,,,,,,,,48898,443,0x0010,518,4097,
470,87.248.107.206,172.20.146.77,6,TLS,738,471,2024-03-28 01:46:23.911706,1711586783.911705800,,,,,,,,,,443,48898,0x0018,4097,518,TLS_Packet_Captured
471,172.20.146.77,87.248.107.206,6,TCP,54,472,2024-03-28 01:46:23.911711,1711586783.911711500,,,,,,,,,,48898,443,0x0010,518,4781,
472,172.20.146.77,87.248.107.206,6,TLS,118,473,2024-03-28 01:46:23.912925,1711586783.912925500,,,,,,,,,,48898,443,0x0018,518,4781,TLS_Packet_Captured
473,87.248.107.206,172.20.146.77,6,TCP,54,474,2024-03-28 01:46:23.914195,1711586783.914194500,,,,,,,,,,443,48898,0x0010,1,518,
474,172.20.146.77,87.248.107.206,6,TCP,54,475,2024-03-28 01:46:23.914201,1711586783.914201200,,,,,,,,,,48898,443,0x0010,582,4781,
475,172.20.146.77,87.248.107.206,6,TLS,225,476,2024-03-28 01:46:23.914921,1711586783.914920900,,,,,,,,,,48898,443,0x0018,582,4781,TLS_Packet_Captured
476,87.248.107.206,172.20.146.77,6,TLS,341,477,2024-03-28 01:46:23.959135,1711586783.959134900,,,,,,,,,,443,48898,0x0018,4781,582,TLS_Packet_Captured
477,87.248.107.206,172.20.146.77,6,TLS,341,478,2024-03-28 01:46:23.959135,1711586783.959135400,,,,,,,,,,443,48898,0x0018,5068,582,TLS_Packet_Captured
478,172.20.146.77,87.248.107.206,6,TCP,54,479,2024-03-28 01:46:23.959155,1711586783.959155300,,,,,,,,,,48898,443,0x0010,753,5068,
479,172.20.146.77,87.248.107.206,6,TCP,54,480,2024-03-28 01:46:23.959162,1711586783.959161500,,,,,,,,,,48898,443,0x0010,753,5355,
480,87.248.107.206,172.20.146.77,6,TCP,54,481,2024-03-28 01:46:24.012211,1711586784.012210900,,,,,,,,,,443,48898,0x0010,5355,753,
481,87.248.107.206,172.20.146.77,6,TLS,1376,482,2024-03-28 01:46:24.126656,1711586784.126656300,,,,,,,,,,443,48898,0x0018,5355,753,TLS_Packet_Captured
482,87.248.107.206,172.20.146.77,6,TLS,127,483,2024-03-28 01:46:24.126657,1711586784.126656500,,,,,,,,,,443,48898,0x0018,6677,753,TLS_Packet_Captured
483,87.248.107.206,172.20.146.77,6,TLS,91,484,2024-03-28 01:46:24.126657,1711586784.126656500,,,,,,,,,,443,48898,0x0018,6750,753,TLS_Packet_Captured
484,172.20.146.77,87.248.107.206,6,TCP,54,485,2024-03-28 01:46:24.126674,1711586784.126673800,,,,,,,,,,48898,443,0x0010,753,6677,
485,172.20.146.77,87.248.107.206,6,TCP,54,486,2024-03-28 01:46:24.126682,1711586784.126681800,,,,,,,,,,48898,443,0x0010,753,6750,
486,172.20.146.77,87.248.107.206,6,TCP,54,487,2024-03-28 01:46:24.126683,1711586784.126683200,,,,,,,,,,48898,443,0x0010,753,6787,
487,87.248.107.206,172.20.146.77,6,TLS,1240,488,2024-03-28 01:46:24.129901,1711586784.129900900,,,,,,,,,,443,48898,0x0018,6787,753,TLS_Packet_Captured
488,172.20.146.77,87.248.107.206,6,TCP,54,489,2024-03-28 01:46:24.129918,1711586784.129918100,,,,,,,,,,48898,443,0x0010,753,7973,
489,87.248.107.206,172.20.146.77,6,TLS,1376,490,2024-03-28 01:46:24.147787,1711586784.147787200,,,,,,,,,,443,48898,0x0018,7973,753,TLS_Packet_Captured
490,87.248.107.206,172.20.146.77,6,TLS,1376,491,2024-03-28 01:46:24.147787,1711586784.147787300,,,,,,,,,,443,48898,0x0018,9295,753,TLS_Packet_Captured
491,172.20.146.77,87.248.107.206,6,TCP,54,492,2024-03-28 01:46:24.147807,1711586784.147806600,,,,,,,,,,48898,443,0x0010,753,9295,
492,172.20.146.77,87.248.107.206,6,TCP,54,493,2024-03-28 01:46:24.147815,1711586784.147814400,,,,,,,,,,48898,443,0x0010,753,10617,
493,87.248.107.206,172.20.146.77,6,TLS,2698,494,2024-03-28 01:46:24.147975,1711586784.147975100,,,,,,,,,,443,48898,0x0018,10617,753,TLS_Packet_Captured
494,172.20.146.77,87.248.107.206,6,TCP,54,495,2024-03-28 01:46:24.147980,1711586784.147980100,,,,,,,,,,48898,443,0x0010,753,13261,
495,87.248.107.206,172.20.146.77,6,TLS,2734,496,2024-03-28 01:46:24.148502,1711586784.148501900,,,,,,,,,,443,48898,0x0010,13261,753,TLS_Packet_Captured
496,172.20.146.77,87.248.107.206,6,TCP,54,497,2024-03-28 01:46:24.148511,1711586784.148511000,,,,,,,,,,48898,443,0x0010,753,15941,
497,87.248.107.206,172.20.146.77,6,TLS,1340,498,2024-03-28 01:46:24.148684,1711586784.148683700,,,,,,,,,,443,48898,0x0018,15941,753,TLS_Packet_Captured
498,172.20.146.77,87.248.107.206,6,TCP,54,499,2024-03-28 01:46:24.148695,1711586784.148695000,,,,,,,,,,48898,443,0x0010,753,17227,
499,87.248.107.206,172.20.146.77,6,TLS,1376,500,2024-03-28 01:46:24.157584,1711586784.157584200,,,,,,,,,,443,48898,0x0018,17227,753,TLS_Packet_Captured
500,87.248.107.206,172.20.146.77,6,TLS,1394,501,2024-03-28 01:46:24.157584,1711586784.157584400,,,,,,,,,,443,48898,0x0010,18549,753,TLS_Packet_Captured
501,172.20.146.77,87.248.107.206,6,TCP,54,502,2024-03-28 01:46:24.157616,1711586784.157616100,,,,,,,,,,48898,443,0x0010,753,19889,
502,87.248.107.206,172.20.146.77,6,TLS,1358,503,2024-03-28 01:46:24.158187,1711586784.158186800,,,,,,,,,,443,48898,0x0018,19889,753,TLS_Packet_Captured
503,172.20.146.77,87.248.107.206,6,TCP,54,504,2024-03-28 01:46:24.158203,1711586784.158203000,,,,,,,,,,48898,443,0x0010,753,21193,
504,87.248.107.206,172.20.146.77,6,TLS,1376,505,2024-03-28 01:46:24.164489,1711586784.164489300,,,,,,,,,,443,48898,0x0018,21193,753,TLS_Packet_Captured
505,87.248.107.206,172.20.146.77,6,TLS,1376,506,2024-03-28 01:46:24.164490,1711586784.164489500,,,,,,,,,,443,48898,0x0018,22515,753,TLS_Packet_Captured
506,172.20.146.77,87.248.107.206,6,TCP,54,507,2024-03-28 01:46:24.164560,1711586784.164560200,,,,,,,,,,48898,443,0x0010,753,23837,
507,87.248.107.206,172.20.146.77,6,TLS,1376,508,2024-03-28 01:46:24.164574,1711586784.164574400,,,,,,,,,,443,48898,0x0018,23837,753,TLS_Packet_Captured
508,87.248.107.206,172.20.146.77,6,TLS,1001,509,2024-03-28 01:46:24.164574,1711586784.164574400,,,,,,,,,,443,48898,0x0018,25159,753,TLS_Packet_Captured
509,172.20.146.77,87.248.107.206,6,TCP,54,510,2024-03-28 01:46:24.164590,1711586784.164589900,,,,,,,,,,48898,443,0x0010,753,26106,
510,87.248.107.206,172.20.146.77,6,TLS,1376,511,2024-03-28 01:46:24.181003,1711586784.181003000,,,,,,,,,,443,48898,0x0018,26106,753,TLS_Packet_Captured
511,87.248.107.206,172.20.146.77,6,TLS,1394,512,2024-03-28 01:46:24.181003,1711586784.181003200,,,,,,,,,,443,48898,0x0010,27428,753,TLS_Packet_Captured
512,172.20.146.77,87.248.107.206,6,TCP,54,513,2024-03-28 01:46:24.181028,1711586784.181027800,,,,,,,,,,48898,443,0x0010,753,28768,
513,87.248.107.206,172.20.146.77,6,TLS,1358,514,2024-03-28 01:46:24.181389,1711586784.181388800,,,,,,,,,,443,48898,0x0018,28768,753,TLS_Packet_Captured
514,172.20.146.77,87.248.107.206,6,TCP,54,515,2024-03-28 01:46:24.181403,1711586784.181402800,,,,,,,,,,48898,443,0x0010,753,30072,
515,87.248.107.206,172.20.146.77,6,TLS,6754,516,2024-03-28 01:46:24.183917,1711586784.183916900,,,,,,,,,,443,48898,0x0010,30072,753,TLS_Packet_Captured
516,172.20.146.77,87.248.107.206,6,TCP,54,517,2024-03-28 01:46:24.183929,1711586784.183929300,,,,,,,,,,48898,443,0x0010,753,36772,
517,87.248.107.206,172.20.146.77,6,TLS,5414,518,2024-03-28 01:46:24.184171,1711586784.184170800,,,,,,,,,,443,48898,0x0010,36772,753,TLS_Packet_Captured
518,172.20.146.77,87.248.107.206,6,TCP,54,519,2024-03-28 01:46:24.184176,1711586784.184176400,,,,,,,,,,48898,443,0x0010,753,42132,
519,87.248.107.206,172.20.146.77,6,TLS,2734,520,2024-03-28 01:46:24.185362,1711586784.185361600,,,,,,,,,,443,48898,0x0010,42132,753,TLS_Packet_Captured
520,172.20.146.77,87.248.107.206,6,TCP,54,521,2024-03-28 01:46:24.185368,1711586784.185367500,,,,,,,,,,48898,443,0x0010,753,44812,
521,87.248.107.206,172.20.146.77,6,TLS,657,522,2024-03-28 01:46:24.194434,1711586784.194433600,,,,,,,,,,443,48898,0x0018,44812,753,TLS_Packet_Captured
522,87.248.107.206,172.20.146.77,6,TLS,1376,523,2024-03-28 01:46:24.194434,1711586784.194433700,,,,,,,,,,443,48898,0x0018,45415,753,TLS_Packet_Captured
523,172.20.146.77,87.248.107.206,6,TCP,54,524,2024-03-28 01:46:24.194444,1711586784.194444300,,,,,,,,,,48898,443,0x0010,753,46737,
524,87.248.107.206,172.20.146.77,6,TLS,1376,525,2024-03-28 01:46:24.194580,1711586784.194580100,,,,,,,,,,443,48898,0x0018,46737,753,TLS_Packet_Captured
525,87.248.107.206,172.20.146.77,6,TLS,1394,526,2024-03-28 01:46:24.194580,1711586784.194580200,,,,,,,,,,443,48898,0x0010,48059,753,TLS_Packet_Captured
526,172.20.146.77,87.248.107.206,6,TCP,54,527,2024-03-28 01:46:24.194687,1711586784.194687100,,,,,,,,,,48898,443,0x0010,753,49399,
527,87.248.107.206,172.20.146.77,6,TLS,1358,528,2024-03-28 01:46:24.195129,1711586784.195128900,,,,,,,,,,443,48898,0x0018,49399,753,TLS_Packet_Captured
528,87.248.107.206,172.20.146.77,6,TLS,2698,529,2024-03-28 01:46:24.195129,1711586784.195129000,,,,,,,,,,443,48898,0x0018,50703,753,TLS_Packet_Captured
529,87.248.107.206,172.20.146.77,6,TLS,2734,530,2024-03-28 01:46:24.195129,1711586784.195129000,,,,,,,,,,443,48898,0x0010,53347,753,TLS_Packet_Captured
530,172.20.146.77,87.248.107.206,6,TCP,54,531,2024-03-28 01:46:24.195138,1711586784.195138300,,,,,,,,,,48898,443,0x0010,753,53347,
531,172.20.146.77,87.248.107.206,6,TCP,54,532,2024-03-28 01:46:24.195146,1711586784.195146200,,,,,,,,,,48898,443,0x0010,753,56027,
532,87.248.107.206,172.20.146.77,6,TLS,837,533,2024-03-28 01:46:24.195806,1711586784.195805600,,,,,,,,,,443,48898,0x0018,56027,753,TLS_Packet_Captured
533,87.248.107.206,172.20.146.77,6,TLS,1376,534,2024-03-28 01:46:24.195806,1711586784.195805700,,,,,,,,,,443,48898,0x0018,56810,753,TLS_Packet_Captured
534,87.248.107.206,172.20.146.77,6,TLS,1376,535,2024-03-28 01:46:24.195806,1711586784.195805700,,,,,,,,,,443,48898,0x0018,58132,753,TLS_Packet_Captured
535,87.248.107.206,172.20.146.77,6,TLS,2698,536,2024-03-28 01:46:24.195806,1711586784.195805800,,,,,,,,,,443,48898,0x0018,59454,753,TLS_Packet_Captured
536,87.248.107.206,172.20.146.77,6,TLS,1771,537,2024-03-28 01:46:24.195806,1711586784.195805800,,,,,,,,,,443,48898,0x0018,62098,753,TLS_Packet_Captured
537,172.20.146.77,87.248.107.206,6,TCP,54,538,2024-03-28 01:46:24.195815,1711586784.195815000,,,,,,,,,,48898,443,0x0010,753,58132,
538,172.20.146.77,87.248.107.206,6,TCP,54,539,2024-03-28 01:46:24.195823,1711586784.195823400,,,,,,,,,,48898,443,0x0010,753,63815,
539,87.248.107.206,172.20.146.77,6,TLS,1376,540,2024-03-28 01:46:24.219210,1711586784.219210100,,,,,,,,,,443,48898,0x0018,63815,753,TLS_Packet_Captured
540,87.248.107.206,172.20.146.77,6,TLS,1376,541,2024-03-28 01:46:24.219210,1711586784.219210300,,,,,,,,,,443,48898,0x0018,65137,753,TLS_Packet_Captured
541,87.248.107.206,172.20.146.77,6,TLS,2698,542,2024-03-28 01:46:24.219210,1711586784.219210300,,,,,,,,,,443,48898,0x0018,66459,753,TLS_Packet_Captured
542,87.248.107.206,172.20.146.77,6,TLS,12780,543,2024-03-28 01:46:24.219210,1711586784.219210400,,,,,,,,,,443,48898,0x0018,69103,753,TLS_Packet_Captured
543,172.20.146.77,87.248.107.206,6,TCP,54,544,2024-03-28 01:46:24.219239,1711586784.219239300,,,,,,,,,,48898,443,0x0010,753,66459,
544,172.20.146.77,87.248.107.206,6,TCP,54,545,2024-03-28 01:46:24.219258,1711586784.219258100,,,,,,,,,,48898,443,0x0010,753,81829,
545,87.248.107.206,172.20.146.77,6,TLS,1376,546,2024-03-28 01:46:24.219338,1711586784.219337900,,,,,,,,,,443,48898,0x0018,81829,753,TLS_Packet_Captured
546,87.248.107.206,172.20.146.77,6,TLS,1376,547,2024-03-28 01:46:24.219338,1711586784.219338000,,,,,,,,,,443,48898,0x0018,83151,753,TLS_Packet_Captured
547,87.248.107.206,172.20.146.77,6,TLS,1376,548,2024-03-28 01:46:24.219338,1711586784.219338100,,,,,,,,,,443,48898,0x0018,84473,753,TLS_Packet_Captured
548,87.248.107.206,172.20.146.77,6,TLS,2698,549,2024-03-28 01:46:24.219338,1711586784.219338100,,,,,,,,,,443,48898,0x0018,85795,753,TLS_Packet_Captured
549,172.20.146.77,87.248.107.206,6,TCP,54,550,2024-03-28 01:46:24.219345,1711586784.219345000,,,,,,,,,,48898,443,0x0010,753,83151,
550,172.20.146.77,87.248.107.206,6,TCP,54,551,2024-03-28 01:46:24.219347,1711586784.219347300,,,,,,,,,,48898,443,0x0010,753,84473,
551,172.20.146.77,87.248.107.206,6,TCP,54,552,2024-03-28 01:46:24.219349,1711586784.219349300,,,,,,,,,,48898,443,0x0010,753,85795,
552,172.20.146.77,87.248.107.206,6,TCP,54,553,2024-03-28 01:46:24.219352,1711586784.219351800,,,,,,,,,,48898,443,0x0010,753,88439,
553,87.248.107.206,172.20.146.77,6,TLS,4020,554,2024-03-28 01:46:24.229000,1711586784.229000400,,,,,,,,,,443,48898,0x0018,88439,753,TLS_Packet_Captured
554,87.248.107.206,172.20.146.77,6,TLS,1376,555,2024-03-28 01:46:24.229001,1711586784.229000500,,,,,,,,,,443,48898,0x0018,92405,753,TLS_Packet_Captured
555,87.248.107.206,172.20.146.77,6,TLS,1376,556,2024-03-28 01:46:24.229001,1711586784.229000600,,,,,,,,,,443,48898,0x0018,93727,753,TLS_Packet_Captured
556,87.248.107.206,172.20.146.77,6,TLS,2698,557,2024-03-28 01:46:24.229001,1711586784.229000600,,,,,,,,,,443,48898,0x0018,95049,753,TLS_Packet_Captured
557,87.248.107.206,172.20.146.77,6,TLS,4106,558,2024-03-28 01:46:24.229001,1711586784.229000600,,,,,,,,,,443,48898,0x0018,97693,753,TLS_Packet_Captured
558,172.20.146.77,87.248.107.206,6,TCP,54,559,2024-03-28 01:46:24.229024,1711586784.229024400,,,,,,,,,,48898,443,0x0010,753,92405,
559,172.20.146.77,87.248.107.206,6,TCP,54,560,2024-03-28 01:46:24.229037,1711586784.229037000,,,,,,,,,,48898,443,0x0010,753,93727,
560,172.20.146.77,87.248.107.206,6,TCP,54,561,2024-03-28 01:46:24.229039,1711586784.229039000,,,,,,,,,,48898,443,0x0010,753,95049,
561,172.20.146.77,87.248.107.206,6,TCP,54,562,2024-03-28 01:46:24.229041,1711586784.229040600,,,,,,,,,,48898,443,0x0010,753,97693,
562,172.20.146.77,87.248.107.206,6,TCP,54,563,2024-03-28 01:46:24.229042,1711586784.229042200,,,,,,,,,,48898,443,0x0010,753,101745,
563,87.248.107.206,172.20.146.77,6,TLS,1376,564,2024-03-28 01:46:24.230393,1711586784.230392700,,,,,,,,,,443,48898,0x0018,101745,753,TLS_Packet_Captured
564,87.248.107.206,172.20.146.77,6,TLS,1376,565,2024-03-28 01:46:24.230393,1711586784.230392900,,,,,,,,,,443,48898,0x0018,103067,753,TLS_Packet_Captured
565,87.248.107.206,172.20.146.77,6,TLS,1376,566,2024-03-28 01:46:24.230393,1711586784.230392900,,,,,,,,,,443,48898,0x0018,104389,753,TLS_Packet_Captured
566,87.248.107.206,172.20.146.77,6,TLS,1194,567,2024-03-28 01:46:24.230393,1711586784.230392900,,,,,,,,,,443,48898,0x0018,105711,753,TLS_Packet_Captured
567,172.20.146.77,87.248.107.206,6,TCP,54,568,2024-03-28 01:46:24.230412,1711586784.230412000,,,,,,,,,,48898,443,0x0010,753,103067,
568,172.20.146.77,87.248.107.206,6,TCP,54,569,2024-03-28 01:46:24.230421,1711586784.230421300,,,,,,,,,,48898,443,0x0010,753,104389,
569,172.20.146.77,87.248.107.206,6,TCP,54,570,2024-03-28 01:46:24.230423,1711586784.230423000,,,,,,,,,,48898,443,0x0010,753,105711,
570,172.20.146.77,87.248.107.206,6,TCP,54,571,2024-03-28 01:46:24.230424,1711586784.230424400,,,,,,,,,,48898,443,0x0010,753,106851,
571,87.248.107.206,172.20.146.77,6,TLS,1376,572,2024-03-28 01:46:24.233104,1711586784.233103500,,,,,,,,,,443,48898,0x0018,106851,753,TLS_Packet_Captured
572,87.248.107.206,172.20.146.77,6,TLS,5414,573,2024-03-28 01:46:24.233104,1711586784.233103700,,,,,,,,,,443,48898,0x0010,108173,753,TLS_Packet_Captured
573,172.20.146.77,87.248.107.206,6,TCP,54,574,2024-03-28 01:46:24.233122,1711586784.233122400,,,,,,,,,,48898,443,0x0010,753,108173,
574,172.20.146.77,87.248.107.206,6,TCP,54,575,2024-03-28 01:46:24.233132,1711586784.233132200,,,,,,,,,,48898,443,0x0010,753,113533,
575,87.248.107.206,172.20.146.77,6,TLS,2626,576,2024-03-28 01:46:24.233687,1711586784.233686900,,,,,,,,,,443,48898,0x0018,113533,753,TLS_Packet_Captured
576,87.248.107.206,172.20.146.77,6,TLS,1376,577,2024-03-28 01:46:24.233687,1711586784.233687100,,,,,,,,,,443,48898,0x0018,116105,753,TLS_Packet_Captured
577,87.248.107.206,172.20.146.77,6,TLS,4020,578,2024-03-28 01:46:24.233687,1711586784.233687100,,,,,,,,,,443,48898,0x0018,117427,753,TLS_Packet_Captured
578,172.20.146.77,87.248.107.206,6,TCP,54,579,2024-03-28 01:46:24.233704,1711586784.233703500,,,,,,,,,,48898,443,0x0010,753,116105,
579,172.20.146.77,87.248.107.206,6,TCP,54,580,2024-03-28 01:46:24.233711,1711586784.233710700,,,,,,,,,,48898,443,0x0010,753,117427,
580,172.20.146.77,87.248.107.206,6,TCP,54,581,2024-03-28 01:46:24.233712,1711586784.233712400,,,,,,,,,,48898,443,0x0010,753,121393,
581,87.248.107.206,172.20.146.77,6,TLS,2734,582,2024-03-28 01:46:24.235021,1711586784.235021000,,,,,,,,,,443,48898,0x0010,121393,753,TLS_Packet_Captured
582,172.20.146.77,87.248.107.206,6,TCP,54,583,2024-03-28 01:46:24.235040,1711586784.235039700,,,,,,,,,,48898,443,0x0010,753,124073,
583,87.248.107.206,172.20.146.77,6,TLS,882,584,2024-03-28 01:46:24.236020,1711586784.236019900,,,,,,,,,,443,48898,0x0018,124073,753,TLS_Packet_Captured
584,87.248.107.206,172.20.146.77,6,TLS,1376,585,2024-03-28 01:46:24.236020,1711586784.236020100,,,,,,,,,,443,48898,0x0018,124901,753,TLS_Packet_Captured
585,87.248.107.206,172.20.146.77,6,TLS,2698,586,2024-03-28 01:46:24.236020,1711586784.236020100,,,,,,,,,,443,48898,0x0018,126223,753,TLS_Packet_Captured
586,87.248.107.206,172.20.146.77,6,TLS,1376,587,2024-03-28 01:46:24.236020,1711586784.236020100,,,,,,,,,,443,48898,0x0018,128867,753,TLS_Packet_Captured
587,87.248.107.206,172.20.146.77,6,TLS,6664,588,2024-03-28 01:46:24.236020,1711586784.236020100,,,,,,,,,,443,48898,0x0018,130189,753,TLS_Packet_Captured
588,172.20.146.77,87.248.107.206,6,TCP,54,589,2024-03-28 01:46:24.236040,1711586784.236040300,,,,,,,,,,48898,443,0x0010,753,124901,
589,172.20.146.77,87.248.107.206,6,TCP,54,590,2024-03-28 01:46:24.236050,1711586784.236050000,,,,,,,,,,48898,443,0x0010,753,126223,
590,172.20.146.77,87.248.107.206,6,TCP,54,591,2024-03-28 01:46:24.236052,1711586784.236051900,,,,,,,,,,48898,443,0x0010,753,128867,
591,172.20.146.77,87.248.107.206,6,TCP,54,592,2024-03-28 01:46:24.236053,1711586784.236053300,,,,,,,,,,48898,443,0x0010,753,130189,
592,172.20.146.77,87.248.107.206,6,TCP,54,593,2024-03-28 01:46:24.236055,1711586784.236054800,,,,,,,,,,48898,443,0x0010,753,136799,
593,87.248.107.206,172.20.146.77,6,TLS,1376,594,2024-03-28 01:46:24.251273,1711586784.251273300,,,,,,,,,,443,48898,0x0018,136799,753,TLS_Packet_Captured
594,87.248.107.206,172.20.146.77,6,TLS,1394,595,2024-03-28 01:46:24.251273,1711586784.251273500,,,,,,,,,,443,48898,0x0010,138121,753,TLS_Packet_Captured
595,172.20.146.77,87.248.107.206,6,TCP,54,596,2024-03-28 01:46:24.251293,1711586784.251292700,,,,,,,,,,48898,443,0x0010,753,138121,
596,172.20.146.77,87.248.107.206,6,TCP,54,597,2024-03-28 01:46:24.251303,1711586784.251303100,,,,,,,,,,48898,443,0x0010,753,139461,
597,87.248.107.206,172.20.146.77,6,TLS,806,598,2024-03-28 01:46:24.251314,1711586784.251314300,,,,,,,,,,443,48898,0x0018,139461,753,TLS_Packet_Captured
598,87.248.107.206,172.20.146.77,6,TLS,2698,599,2024-03-28 01:46:24.251314,1711586784.251314300,,,,,,,,,,443,48898,0x0018,140213,753,TLS_Packet_Captured
599,172.20.146.77,87.248.107.206,6,TCP,54,600,2024-03-28 01:46:24.251317,1711586784.251317100,,,,,,,,,,48898,443,0x0010,753,140213,
600,172.20.146.77,87.248.107.206,6,TCP,54,601,2024-03-28 01:46:24.251319,1711586784.251318900,,,,,,,,,,48898,443,0x0010,753,142857,
601,87.248.107.206,172.20.146.77,6,TLS,4020,602,2024-03-28 01:46:24.251609,1711586784.251609200,,,,,,,,,,443,48898,0x0018,142857,753,TLS_Packet_Captured
602,172.20.146.77,87.248.107.206,6,TCP,54,603,2024-03-28 01:46:24.251619,1711586784.251619000,,,,,,,,,,48898,443,0x0010,753,146823,
603,87.248.107.206,172.20.146.77,6,TLS,1442,604,2024-03-28 01:46:24.252638,1711586784.252637800,,,,,,,,,,443,48898,0x0018,146823,753,TLS_Packet_Captured
604,87.248.107.206,172.20.146.77,6,TLS,1376,605,2024-03-28 01:46:24.252638,1711586784.252638100,,,,,,,,,,443,48898,0x0018,148211,753,TLS_Packet_Captured
605,87.248.107.206,172.20.146.77,6,TLS,1376,606,2024-03-28 01:46:24.252638,1711586784.252638100,,,,,,,,,,443,48898,0x0018,149533,753,TLS_Packet_Captured
606,87.248.107.206,172.20.146.77,6,TLS,2698,607,2024-03-28 01:46:24.252638,1711586784.252638100,,,,,,,,,,443,48898,0x0018,150855,753,TLS_Packet_Captured
607,87.248.107.206,172.20.146.77,6,TLS,6664,608,2024-03-28 01:46:24.252638,1711586784.252638100,,,,,,,,,,443,48898,0x0018,153499,753,TLS_Packet_Captured
608,172.20.146.77,87.248.107.206,6,TCP,54,609,2024-03-28 01:46:24.252658,1711586784.252658100,,,,,,,,,,48898,443,0x0010,753,148211,
609,172.20.146.77,87.248.107.206,6,TCP,54,610,2024-03-28 01:46:24.252668,1711586784.252667600,,,,,,,,,,48898,443,0x0010,753,149533,
610,172.20.146.77,87.248.107.206,6,TCP,54,611,2024-03-28 01:46:24.252669,1711586784.252669400,,,,,,,,,,48898,443,0x0010,753,150855,
611,172.20.146.77,87.248.107.206,6,TCP,54,612,2024-03-28 01:46:24.252671,1711586784.252671100,,,,,,,,,,48898,443,0x0010,753,153499,
612,172.20.146.77,87.248.107.206,6,TCP,54,613,2024-03-28 01:46:24.252672,1711586784.252672500,,,,,,,,,,48898,443,0x0010,753,160109,
613,87.248.107.206,172.20.146.77,6,TLS,1394,614,2024-03-28 01:46:24.255608,1711586784.255608100,,,,,,,,,,443,48898,0x0010,160109,753,TLS_Packet_Captured
614,172.20.146.77,87.248.107.206,6,TCP,54,615,2024-03-28 01:46:24.255626,1711586784.255625700,,,,,,,,,,48898,443,0x0010,753,161449,
615,87.248.107.206,172.20.146.77,6,TLS,4074,616,2024-03-28 01:46:24.258640,1711586784.258639700,,,,,,,,,,443,48898,0x0010,161449,753,TLS_Packet_Captured
616,172.20.146.77,87.248.107.206,6,TCP,54,617,2024-03-28 01:46:24.258656,1711586784.258655900,,,,,,,,,,48898,443,0x0010,753,165469,
617,87.248.107.206,172.20.146.77,6,TLS,2734,618,2024-03-28 01:46:24.265243,1711586784.265243300,,,,,,,,,,443,48898,0x0010,165469,753,TLS_Packet_Captured
618,172.20.146.77,87.248.107.206,6,TCP,54,619,2024-03-28 01:46:24.265255,1711586784.265255000,,,,,,,,,,48898,443,0x0010,753,168149,
619,87.248.107.206,172.20.146.77,6,TLS,12114,620,2024-03-28 01:46:24.266071,1711586784.266070800,,,,,,,,,,443,48898,0x0010,168149,753,TLS_Packet_Captured
620,172.20.146.77,87.248.107.206,6,TCP,54,621,2024-03-28 01:46:24.266078,1711586784.266077900,,,,,,,,,,48898,443,0x0010,753,180209,
621,87.248.107.206,172.20.146.77,6,TLS,1426,622,2024-03-28 01:46:24.266495,1711586784.266495400,,,,,,,,,,443,48898,0x0018,180209,753,TLS_Packet_Captured
622,87.248.107.206,172.20.146.77,6,TLS,4074,623,2024-03-28 01:46:24.266495,1711586784.266495400,,,,,,,,,,443,48898,0x0010,181581,753,TLS_Packet_Captured
623,172.20.146.77,87.248.107.206,6,TCP,54,624,2024-03-28 01:46:24.266502,1711586784.266502200,,,,,,,,,,48898,443,0x0010,753,181581,
624,172.20.146.77,87.248.107.206,6,TCP,54,625,2024-03-28 01:46:24.266505,1711586784.266505000,,,,,,,,,,48898,443,0x0010,753,185601,
625,87.248.107.206,172.20.146.77,6,TLS,2644,626,2024-03-28 01:46:24.267356,1711586784.267356000,,,,,,,,,,443,48898,0x0018,185601,753,TLS_Packet_Captured
626,87.248.107.206,172.20.146.77,6,TLS,6664,627,2024-03-28 01:46:24.267356,1711586784.267356100,,,,,,,,,,443,48898,0x0018,188191,753,TLS_Packet_Captured
627,87.248.107.206,172.20.146.77,6,TLS,1572,628,2024-03-28 01:46:24.267356,1711586784.267356100,,,,,,,,,,443,48898,0x0010,194801,753,TLS_Packet_Captured
628,172.20.146.77,87.248.107.206,6,TCP,54,629,2024-03-28 01:46:24.267363,1711586784.267363300,,,,,,,,,,48898,443,0x0010,753,188191,
629,172.20.146.77,87.248.107.206,6,TCP,54,630,2024-03-28 01:46:24.267367,1711586784.267367400,,,,,,,,,,48898,443,0x0010,753,194801,
630,172.20.146.77,87.248.107.206,6,TCP,54,631,2024-03-28 01:46:24.267369,1711586784.267368700,,,,,,,,,,48898,443,0x0010,753,196319,
631,87.248.107.206,172.20.146.77,6,TLS,1394,632,2024-03-28 01:46:24.270047,1711586784.270047200,,,,,,,,,,443,48898,0x0010,196319,753,TLS_Packet_Captured
632,172.20.146.77,87.248.107.206,6,TCP,54,633,2024-03-28 01:46:24.270054,1711586784.270054400,,,,,,,,,,48898,443,0x0010,753,197659,
633,87.248.107.206,172.20.146.77,6,TLS,2810,634,2024-03-28 01:46:24.270603,1711586784.270602800,,,,,,,,,,443,48898,0x0010,197659,753,TLS_Packet_Captured
634,87.248.107.206,172.20.146.77,6,TLS,4074,635,2024-03-28 01:46:24.270603,1711586784.270602900,,,,,,,,,,443,48898,0x0010,200415,753,TLS_Packet_Captured
635,172.20.146.77,87.248.107.206,6,TCP,54,636,2024-03-28 01:46:24.270610,1711586784.270609800,,,,,,,,,,48898,443,0x0010,753,200415,
636,172.20.146.77,87.248.107.206,6,TCP,54,637,2024-03-28 01:46:24.270612,1711586784.270612500,,,,,,,,,,48898,443,0x0010,753,204435,
637,87.248.107.206,172.20.146.77,6,TLS,7934,638,2024-03-28 01:46:24.271596,1711586784.271596000,,,,,,,,,,443,48898,0x0018,204435,753,TLS_Packet_Captured
638,172.20.146.77,87.248.107.206,6,TCP,54,639,2024-03-28 01:46:24.271603,1711586784.271602900,,,,,,,,,,48898,443,0x0010,753,212315,
639,87.248.107.206,172.20.146.77,6,TLS,1376,640,2024-03-28 01:46:24.279276,1711586784.279275600,,,,,,,,,,443,48898,0x0018,212315,753,TLS_Packet_Captured
640,87.248.107.206,172.20.146.77,6,TLS,1376,641,2024-03-28 01:46:24.279276,1711586784.279275800,,,,,,,,,,443,48898,0x0018,213637,753,TLS_Packet_Captured
641,172.20.146.77,87.248.107.206,6,TCP,54,642,2024-03-28 01:46:24.279293,1711586784.279292600,,,,,,,,,,48898,443,0x0010,753,213637,
642,172.20.146.77,87.248.107.206,6,TCP,54,643,2024-03-28 01:46:24.279299,1711586784.279299000,,,,,,,,,,48898,443,0x0010,753,214959,
643,87.248.107.206,172.20.146.77,6,TLS,1376,644,2024-03-28 01:46:24.279994,1711586784.279994400,,,,,,,,,,443,48898,0x0018,214959,753,TLS_Packet_Captured
644,87.248.107.206,172.20.146.77,6,TLS,3406,645,2024-03-28 01:46:24.279994,1711586784.279994500,,,,,,,,,,443,48898,0x0010,216281,753,TLS_Packet_Captured
645,87.248.107.206,172.20.146.77,6,TLS,4260,646,2024-03-28 01:46:24.279994,1711586784.279994500,,,,,,,,,,443,48898,0x0010,219633,753,TLS_Packet_Captured
646,172.20.146.77,87.248.107.206,6,TCP,54,647,2024-03-28 01:46:24.280003,1711586784.280003100,,,,,,,,,,48898,443,0x0010,753,216281,
647,172.20.146.77,87.248.107.206,6,TCP,54,648,2024-03-28 01:46:24.280008,1711586784.280007700,,,,,,,,,,48898,443,0x0010,753,219633,
648,172.20.146.77,87.248.107.206,6,TCP,54,649,2024-03-28 01:46:24.280009,1711586784.280009200,,,,,,,,,,48898,443,0x0010,753,223839,
649,87.248.107.206,172.20.146.77,6,TLS,1394,650,2024-03-28 01:46:24.280011,1711586784.280010700,,,,,,,,,,443,48898,0x0010,223839,753,TLS_Packet_Captured
650,172.20.146.77,87.248.107.206,6,TCP,54,651,2024-03-28 01:46:24.280012,1711586784.280012200,,,,,,,,,,48898,443,0x0010,753,225179,
651,87.248.107.206,172.20.146.77,6,TLS,2938,652,2024-03-28 01:46:24.280376,1711586784.280376500,,,,,,,,,,443,48898,0x0010,225179,753,TLS_Packet_Captured
652,87.248.107.206,172.20.146.77,6,TLS,2263,653,2024-03-28 01:46:24.280377,1711586784.280376600,,,,,,,,,,443,48898,0x0018,228063,753,TLS_Packet_Captured
653,172.20.146.77,87.248.107.206,6,TCP,54,654,2024-03-28 01:46:24.280383,1711586784.280383000,,,,,,,,,,48898,443,0x0010,753,228063,
654,172.20.146.77,87.248.107.206,6,TCP,54,655,2024-03-28 01:46:24.280385,1711586784.280385500,,,,,,,,,,48898,443,0x0010,753,230272,
655,87.248.107.206,172.20.146.77,6,TLS,1376,656,2024-03-28 01:46:24.431163,1711586784.431162800,,,,,,,,,,443,48898,0x0018,230272,753,TLS_Packet_Captured
656,87.248.107.206,172.20.146.77,6,TLS,1394,657,2024-03-28 01:46:24.431163,1711586784.431163000,,,,,,,,,,443,48898,0x0010,231594,753,TLS_Packet_Captured
657,172.20.146.77,87.248.107.206,6,TCP,54,658,2024-03-28 01:46:24.431180,1711586784.431180200,,,,,,,,,,48898,443,0x0010,753,231594,
658,172.20.146.77,87.248.107.206,6,TCP,54,659,2024-03-28 01:46:24.431187,1711586784.431187400,,,,,,,,,,48898,443,0x0010,753,232934,
659,87.248.107.206,172.20.146.77,6,TLS,1358,660,2024-03-28 01:46:24.431823,1711586784.431822900,,,,,,,,,,443,48898,0x0018,232934,753,TLS_Packet_Captured
660,87.248.107.206,172.20.146.77,6,TLS,1394,661,2024-03-28 01:46:24.431823,1711586784.431823000,,,,,,,,,,443,48898,0x0010,234238,753,TLS_Packet_Captured
661,172.20.146.77,87.248.107.206,6,TCP,54,662,2024-03-28 01:46:24.431830,1711586784.431829800,,,,,,,,,,48898,443,0x0010,753,234238,
662,172.20.146.77,87.248.107.206,6,TCP,54,663,2024-03-28 01:46:24.431832,1711586784.431832400,,,,,,,,,,48898,443,0x0010,753,235578,
663,87.248.107.206,172.20.146.77,6,TLS,2680,664,2024-03-28 01:46:24.436253,1711586784.436253200,,,,,,,,,,443,48898,0x0018,235578,753,TLS_Packet_Captured
664,172.20.146.77,87.248.107.206,6,TCP,54,665,2024-03-28 01:46:24.436264,1711586784.436263700,,,,,,,,,,48898,443,0x0010,753,238204,
665,87.248.107.206,172.20.146.77,6,TLS,1394,666,2024-03-28 01:46:24.436609,1711586784.436609000,,,,,,,,,,443,48898,0x0010,238204,753,TLS_Packet_Captured
666,172.20.146.77,87.248.107.206,6,TCP,54,667,2024-03-28 01:46:24.436615,1711586784.436614900,,,,,,,,,,48898,443,0x0010,753,239544,
667,87.248.107.206,172.20.146.77,6,TLS,809,668,2024-03-28 01:46:24.440414,1711586784.440413800,,,,,,,,,,443,48898,0x0018,239544,753,TLS_Packet_Captured
668,87.248.107.206,172.20.146.77,6,TLS,174,669,2024-03-28 01:46:24.440414,1711586784.440414000,,,,,,,,,,443,48898,0x0018,240299,753,TLS_Packet_Captured
669,87.248.107.206,172.20.146.77,6,TLS,1376,670,2024-03-28 01:46:24.440414,1711586784.440414100,,,,,,,,,,443,48898,0x0018,240419,753,TLS_Packet_Captured
670,172.20.146.77,87.248.107.206,6,TCP,54,671,2024-03-28 01:46:24.440431,1711586784.440431000,,,,,,,,,,48898,443,0x0010,753,240299,
671,172.20.146.77,87.248.107.206,6,TCP,54,672,2024-03-28 01:46:24.440442,1711586784.440441500,,,,,,,,,,48898,443,0x0010,753,241741,
672,87.248.107.206,172.20.146.77,6,TLS,2698,673,2024-03-28 01:46:24.441219,1711586784.441219000,,,,,,,,,,443,48898,0x0018,241741,753,TLS_Packet_Captured
673,87.248.107.206,172.20.146.77,6,TLS,1376,674,2024-03-28 01:46:24.441219,1711586784.441219100,,,,,,,,,,443,48898,0x0018,244385,753,TLS_Packet_Captured
674,87.248.107.206,172.20.146.77,6,TLS,1376,675,2024-03-28 01:46:24.441219,1711586784.441219200,,,,,,,,,,443,48898,0x0018,245707,753,TLS_Packet_Captured
675,87.248.107.206,172.20.146.77,6,TLS,2698,676,2024-03-28 01:46:24.441219,1711586784.441219200,,,,,,,,,,443,48898,0x0018,247029,753,TLS_Packet_Captured
676,87.248.107.206,172.20.146.77,6,TLS,4074,677,2024-03-28 01:46:24.441219,1711586784.441219200,,,,,,,,,,443,48898,0x0010,249673,753,TLS_Packet_Captured
677,172.20.146.77,87.248.107.206,6,TCP,54,678,2024-03-28 01:46:24.441233,1711586784.441232600,,,,,,,,,,48898,443,0x0010,753,244385,
678,172.20.146.77,87.248.107.206,6,TCP,54,679,2024-03-28 01:46:24.441236,1711586784.441235800,,,,,,,,,,48898,443,0x0010,753,245707,
679,172.20.146.77,87.248.107.206,6,TCP,54,680,2024-03-28 01:46:24.441237,1711586784.441237200,,,,,,,,,,48898,443,0x0010,753,247029,
680,172.20.146.77,87.248.107.206,6,TCP,54,681,2024-03-28 01:46:24.441238,1711586784.441238400,,,,,,,,,,48898,443,0x0010,753,249673,
681,172.20.146.77,87.248.107.206,6,TCP,54,682,2024-03-28 01:46:24.441240,1711586784.441239700,,,,,,,,,,48898,443,0x0010,753,253693,
682,87.248.107.206,172.20.146.77,6,TLS,2644,683,2024-03-28 01:46:24.442064,1711586784.442064100,,,,,,,,,,443,48898,0x0018,253693,753,TLS_Packet_Captured
683,87.248.107.206,172.20.146.77,6,TLS,10774,684,2024-03-28 01:46:24.442064,1711586784.442064200,,,,,,,,,,443,48898,0x0010,256283,753,TLS_Packet_Captured
684,172.20.146.77,87.248.107.206,6,TCP,54,685,2024-03-28 01:46:24.442075,1711586784.442074700,,,,,,,,,,48898,443,0x0010,753,256283,
685,172.20.146.77,87.248.107.206,6,TCP,54,686,2024-03-28 01:46:24.442077,1711586784.442077400,,,,,,,,,,48898,443,0x0010,753,267003,
686,87.248.107.206,172.20.146.77,6,TLS,1232,687,2024-03-28 01:46:24.442456,1711586784.442456300,,,,,,,,,,443,48898,0x0018,267003,753,TLS_Packet_Captured
687,87.248.107.206,172.20.146.77,6,TLS,3203,688,2024-03-28 01:46:24.442456,1711586784.442456400,,,,,,,,,,443,48898,0x0018,268181,753,TLS_Packet_Captured
688,87.248.107.206,172.20.146.77,6,TLS,81,689,2024-03-28 01:46:24.442456,1711586784.442456400,,,,,,,,,,443,48898,0x0018,271330,753,TLS_Packet_Captured
689,172.20.146.77,87.248.107.206,6,TCP,54,690,2024-03-28 01:46:24.442464,1711586784.442464400,,,,,,,,,,48898,443,0x0010,753,268181,
690,172.20.146.77,87.248.107.206,6,TCP,54,691,2024-03-28 01:46:24.442468,1711586784.442468200,,,,,,,,,,48898,443,0x0010,753,271330,
691,172.20.146.77,87.248.107.206,6,TCP,54,692,2024-03-28 01:46:24.450326,1711586784.450326400,,,,,,,,,,48898,443,0x0010,753,271357,
692,172.20.146.77,87.248.107.206,6,TCP,54,693,2024-03-28 01:46:24.450706,1711586784.450706300,,,,,,,,,,48894,443,0x0011,753,271399,
693,172.20.146.77,76.223.84.192,6,TCP,54,694,2024-03-28 01:46:24.451292,1711586784.451291700,,,,,,,,,,49530,443,0x0011,753,10615,
694,172.20.146.77,87.248.107.206,6,TCP,54,695,2024-03-28 01:46:24.458573,1711586784.458572600,,,,,,,,,,48898,443,0x0011,753,271357,
695,172.20.146.77,76.223.84.192,6,TCP,54,696,2024-03-28 01:46:24.459619,1711586784.459618900,,,,,,,,,,49534,443,0x0011,753,10614,
696,87.248.107.206,172.20.146.77,6,TCP,81,697,2024-03-28 01:46:24.461574,1711586784.461573500,,,,,,,,,,443,48898,0x0018,271330,753,
697,172.20.146.77,87.248.107.206,6,TCP,66,698,2024-03-28 01:46:24.461594,1711586784.461593900,,,,,,,,,,48898,443,0x0010,754,271357,
698,76.223.84.192,172.20.146.77,6,TCP,54,699,2024-03-28 01:46:24.487790,1711586784.487789800,,,,,,,,,,443,49530,0x0011,10615,754,
699,172.20.146.77,76.223.84.192,6,TCP,54,700,2024-03-28 01:46:24.487812,1711586784.487811900,,,,,,,,,,49530,443,0x0010,754,10616,
700,76.223.84.192,172.20.146.77,6,TCP,54,701,2024-03-28 01:46:24.489815,1711586784.489815400,,,,,,,,,,443,49534,0x0011,10614,754,
701,172.20.146.77,76.223.84.192,6,TCP,54,702,2024-03-28 01:46:24.489844,1711586784.489844400,,,,,,,,,,49534,443,0x0010,754,10615,
702,87.248.107.206,172.20.146.77,6,TCP,54,703,2024-03-28 01:46:24.496116,1711586784.496115900,,,,,,,,,,443,48898,0x0011,271357,754,
703,87.248.107.206,172.20.146.77,6,TCP,54,704,2024-03-28 01:46:24.496132,1711586784.496132200,,,,,,,,,,443,48894,0x0011,271399,754,
704,172.20.146.77,87.248.107.206,6,TCP,54,705,2024-03-28 01:46:24.496140,1711586784.496139500,,,,,,,,,,48898,443,0x0010,754,271358,
705,172.20.146.77,87.248.107.206,6,TCP,54,706,2024-03-28 01:46:24.496143,1711586784.496143000,,,,,,,,,,48894,443,0x0010,754,271400,
