,source_ip,destination_ip,protocol,top_layer,packet_length,packet_number,capture_time,timestamp,source_port,destination_port,tcp_flags,sequence_number,acknowledgement,tls,dns_query,dns_response,dns_type,dns_class,query_count,answer_count,authority_count,udp_source_port,udp_destination_port
0,23.51.246.151,172.20.146.77,6,TCP,66,1,2024-03-28 01:34:33.985252,1711586073.985251700,443,38640,0x0012,0,1,,,,,,,,,,
1,172.20.146.77,23.51.246.151,6,TCP,54,2,2024-03-28 01:34:33.985401,1711586073.985400600,38640,443,0x0010,1,1,,,,,,,,,,
2,172.20.146.77,23.51.246.151,6,TLS,571,3,2024-03-28 01:34:34.061599,1711586074.061599200,38640,443,0x0018,1,1,TLS_Packet_Captured,,,,,,,,,
3,23.51.246.151,172.20.146.77,6,TCP,54,4,2024-03-28 01:34:34.122415,1711586074.122414800,443,38640,0x0010,1,518,,,,,,,,,,
4,23.51.246.151,172.20.146.77,6,TLS,1394,5,2024-03-28 01:34:34.145926,1711586074.145926000,443,38640,0x0010,1,518,TLS_Packet_Captured,,,,,,,,,
5,172.20.146.77,23.51.246.151,6,TCP,54,6,2024-03-28 01:34:34.145972,1711586074.145971600,38640,443,0x0010,518,1341,,,,,,,,,,
6,23.51.246.151,172.20.146.77,6,TCP,1394,7,2024-03-28 01:34:34.152026,1711586074.152026000,443,38640,0x0018,1341,518,,,,,,,,,,
7,23.51.246.151,172.20.146.77,6,TCP,130,8,2024-03-28 01:34:34.152026,1711586074.152026100,443,38640,0x0018,4021,518,,,,,,,,,,
8,23.51.246.151,172.20.146.77,6,TCP,1394,9,2024-03-28 01:34:34.152026,1711586074.152026200,443,38640,0x0010,2681,518,,,,,,,,,,
9,172.20.146.77,23.51.246.151,6,TCP,54,10,2024-03-28 01:34:34.152043,1711586074.152043300,38640,443,0x0010,518,2681,,,,,,,,,,
10,172.20.146.77,23.51.246.151,6,TCP,66,11,2024-03-28 01:34:34.152052,1711586074.152052000,38640,443,0x0010,518,2681,,,,,,,,,,
11,172.20.146.77,23.51.246.151,6,TCP,54,12,2024-03-28 01:34:34.152055,1711586074.152055100,38640,443,0x0010,518,4097,,,,,,,,,,
12,23.51.246.151,172.20.146.77,6,TLS,63,13,2024-03-28 01:34:34.168808,1711586074.168808300,443,38640,0x0018,5437,518,TLS_Packet_Captured,,,,,,,,,
13,23.51.246.151,172.20.146.77,6,DATA,1394,14,2024-03-28 01:34:34.168809,1711586074.168808700,443,38640,0x0010,4097,518,,,,,,,,,,
14,172.20.146.77,23.51.246.151,6,TCP,66,15,2024-03-28 01:34:34.168827,1711586074.168827200,38640,443,0x0010,518,4097,,,,,,,,,,
15,172.20.146.77,23.51.246.151,6,TCP,54,16,2024-03-28 01:34:34.168836,1711586074.168835800,38640,443,0x0010,518,5446,,,,,,,,,,
16,172.20.146.77,23.51.246.151,6,TLS,180,17,2024-03-28 01:34:34.172913,1711586074.172912900,38640,443,0x0018,518,5446,TLS_Packet_Captured,,,,,,,,,
17,23.51.246.151,172.20.146.77,6,TLS,105,18,2024-03-28 01:34:34.232409,1711586074.232408500,443,38640,0x0018,5446,644,TLS_Packet_Captured,,,,,,,,,
18,172.20.146.77,23.51.246.151,6,TCP,54,19,2024-03-28 01:34:34.232428,1711586074.232428000,38640,443,0x0010,644,5497,,,,,,,,,,
19,172.20.146.77,23.51.246.151,6,TLS,232,20,2024-03-28 01:34:34.232833,1711586074.232833100,38640,443,0x0018,644,5497,TLS_Packet_Captured,,,,,,,,,
20,23.51.246.151,172.20.146.77,6,TLS,2609,21,2024-03-28 01:34:34.288749,1711586074.288749500,443,38640,0x0018,5497,822,TLS_Packet_Captured,,,,,,,,,
21,172.20.146.77,23.51.246.151,6,TCP,54,22,2024-03-28 01:34:34.288770,1711586074.288769700,38640,443,0x0010,822,8052,,,,,,,,,,
22,23.51.246.151,172.20.146.77,6,TLS,1394,23,2024-03-28 01:34:34.288813,1711586074.288812700,443,38640,0x0010,8052,822,TLS_Packet_Captured,,,,,,,,,
23,172.20.146.77,23.51.246.151,6,TCP,54,24,2024-03-28 01:34:34.288817,1711586074.288816700,38640,443,0x0010,822,9392,,,,,,,,,,
24,23.51.246.151,172.20.146.77,6,TCP,1394,25,2024-03-28 01:34:34.295995,1711586074.295995400,443,38640,0x0018,9392,822,,,,,,,,,,
25,23.51.246.151,172.20.146.77,6,TCP,1394,26,2024-03-28 01:34:34.295996,1711586074.295995600,443,38640,0x0010,10732,822,,,,,,,,,,
26,172.20.146.77,23.51.246.151,6,TCP,54,27,2024-03-28 01:34:34.296010,1711586074.296010200,38640,443,0x0010,822,10732,,,,,,,,,,
27,172.20.146.77,23.51.246.151,6,TCP,54,28,2024-03-28 01:34:34.296017,1711586074.296017000,38640,443,0x0010,822,12072,,,,,,,,,,
28,23.51.246.151,172.20.146.77,6,TCP,1394,29,2024-03-28 01:34:34.296764,1711586074.296763600,443,38640,0x0018,12072,822,,,,,,,,,,
29,23.51.246.151,172.20.146.77,6,TCP,2734,30,2024-03-28 01:34:34.296764,1711586074.296763700,443,38640,0x0018,13412,822,,,,,,,,,,
30,23.51.246.151,172.20.146.77,6,TCP,2734,31,2024-03-28 01:34:34.296764,1711586074.296763700,443,38640,0x0018,16092,822,,,,,,,,,,
31,23.51.246.151,172.20.146.77,6,TCP,2734,32,2024-03-28 01:34:34.296764,1711586074.296763700,443,38640,0x0018,18772,822,,,,,,,,,,
32,172.20.146.77,23.51.246.151,6,TCP,54,33,2024-03-28 01:34:34.296776,1711586074.296775600,38640,443,0x0010,822,13412,,,,,,,,,,
33,172.20.146.77,23.51.246.151,6,TCP,54,34,2024-03-28 01:34:34.296780,1711586074.296780300,38640,443,0x0010,822,16092,,,,,,,,,,
34,172.20.146.77,23.51.246.151,6,TCP,54,35,2024-03-28 01:34:34.296783,1711586074.296783000,38640,443,0x0010,822,18772,,,,,,,,,,
35,172.20.146.77,23.51.246.151,6,TCP,54,36,2024-03-28 01:34:34.296796,1711586074.296795900,38640,443,0x0010,822,21452,,,,,,,,,,
36,23.51.246.151,172.20.146.77,6,TCP,2734,37,2024-03-28 01:34:34.296950,1711586074.296949700,443,38640,0x0018,21452,822,,,,,,,,,,
37,23.51.246.151,172.20.146.77,6,TLS,2734,38,2024-03-28 01:34:34.296950,1711586074.296949800,443,38640,0x0018,24132,822,TLS_Packet_Captured,,,,,,,,,
38,172.20.146.77,23.51.246.151,6,TCP,54,39,2024-03-28 01:34:34.296963,1711586074.296963100,38640,443,0x0010,822,26812,,,,,,,,,,
39,23.51.246.151,172.20.146.77,6,TCP,2734,40,2024-03-28 01:34:34.310627,1711586074.310627400,443,38640,0x0018,26812,822,,,,,,,,,,
40,172.20.146.77,23.51.246.151,6,TCP,54,41,2024-03-28 01:34:34.310669,1711586074.310669400,38640,443,0x0010,822,29492,,,,,,,,,,
41,23.51.246.151,172.20.146.77,6,TCP,2734,42,2024-03-28 01:34:34.310849,1711586074.310848800,443,38640,0x0018,29492,822,,,,,,,,,,
42,172.20.146.77,23.51.246.151,6,TCP,54,43,2024-03-28 01:34:34.310855,1711586074.310855300,38640,443,0x0010,822,32172,,,,,,,,,,
43,23.51.246.151,172.20.146.77,6,TLS,2734,44,2024-03-28 01:34:34.317041,1711586074.317041500,443,38640,0x0018,32172,822,TLS_Packet_Captured,,,,,,,,,
44,172.20.146.77,23.51.246.151,6,TCP,54,45,2024-03-28 01:34:34.317104,1711586074.317103600,38640,443,0x0010,822,34852,,,,,,,,,,
45,23.51.246.151,172.20.146.77,6,TCP,2734,46,2024-03-28 01:34:34.321872,1711586074.321871600,443,38640,0x0018,34852,822,,,,,,,,,,
46,172.20.146.77,23.51.246.151,6,TCP,54,47,2024-03-28 01:34:34.321904,1711586074.321904300,38640,443,0x0010,822,37532,,,,,,,,,,
47,23.51.246.151,172.20.146.77,6,TCP,2734,48,2024-03-28 01:34:34.322671,1711586074.322670900,443,38640,0x0018,37532,822,,,,,,,,,,
48,23.51.246.151,172.20.146.77,6,TLS,2734,49,2024-03-28 01:34:34.322671,1711586074.322671000,443,38640,0x0018,40212,822,TLS_Packet_Captured,,,,,,,,,
49,23.51.246.151,172.20.146.77,6,TCP,2734,50,2024-03-28 01:34:34.322671,1711586074.322671100,443,38640,0x0018,42892,822,,,,,,,,,,
50,23.51.246.151,172.20.146.77,6,TCP,2734,51,2024-03-28 01:34:34.322671,1711586074.322671100,443,38640,0x0018,45572,822,,,,,,,,,,
51,172.20.146.77,23.51.246.151,6,TCP,54,52,2024-03-28 01:34:34.322679,1711586074.322679100,38640,443,0x0010,822,40212,,,,,,,,,,
52,172.20.146.77,23.51.246.151,6,TCP,54,53,2024-03-28 01:34:34.322690,1711586074.322689600,38640,443,0x0010,822,48252,,,,,,,,,,
53,23.51.246.151,172.20.146.77,6,TCP,2734,54,2024-03-28 01:34:34.324747,1711586074.324746600,443,38640,0x0018,48252,822,,,,,,,,,,
54,172.20.146.77,23.51.246.151,6,TCP,54,55,2024-03-28 01:34:34.324753,1711586074.324753000,38640,443,0x0010,822,50932,,,,,,,,,,
55,23.51.246.151,172.20.146.77,6,TCP,2734,56,2024-03-28 01:34:34.325133,1711586074.325133100,443,38640,0x0018,50932,822,,,,,,,,,,
56,172.20.146.77,23.51.246.151,6,TCP,54,57,2024-03-28 01:34:34.325140,1711586074.325140000,38640,443,0x0010,822,53612,,,,,,,,,,
57,23.51.246.151,172.20.146.77,6,TCP,2734,58,2024-03-28 01:34:34.328469,1711586074.328469000,443,38640,0x0018,53612,822,,,,,,,,,,
58,172.20.146.77,23.51.246.151,6,TCP,54,59,2024-03-28 01:34:34.328478,1711586074.328478000,38640,443,0x0010,822,56292,,,,,,,,,,
59,23.51.246.151,172.20.146.77,6,TLS,4074,60,2024-03-28 01:34:34.328822,1711586074.328822400,443,38640,0x0018,56292,822,TLS_Packet_Captured,,,,,,,,,
60,172.20.146.77,23.51.246.151,6,TCP,54,61,2024-03-28 01:34:34.328836,1711586074.328835900,38640,443,0x0010,822,60312,,,,,,,,,,
61,23.51.246.151,172.20.146.77,6,TCP,2734,62,2024-03-28 01:34:34.341279,1711586074.341279300,443,38640,0x0018,60312,822,,,,,,,,,,
62,23.51.246.151,172.20.146.77,6,TCP,2734,63,2024-03-28 01:34:34.341280,1711586074.341279500,443,38640,0x0018,62992,822,,,,,,,,,,
63,23.51.246.151,172.20.146.77,6,TCP,2734,64,2024-03-28 01:34:34.341280,1711586074.341279600,443,38640,0x0018,65672,822,,,,,,,,,,
64,23.51.246.151,172.20.146.77,6,TLS,2734,65,2024-03-28 01:34:34.341280,1711586074.341279600,443,38640,0x0018,68352,822,TLS_Packet_Captured,,,,,,,,,
65,172.20.146.77,23.51.246.151,6,TCP,54,66,2024-03-28 01:34:34.341300,1711586074.341300200,38640,443,0x0010,822,62992,,,,,,,,,,
66,23.51.246.151,172.20.146.77,6,TCP,2734,67,2024-03-28 01:34:34.341463,1711586074.341463400,443,38640,0x0018,71032,822,,,,,,,,,,
67,23.51.246.151,172.20.146.77,6,TCP,2734,68,2024-03-28 01:34:34.341463,1711586074.341463400,443,38640,0x0018,73712,822,,,,,,,,,,
68,23.51.246.151,172.20.146.77,6,TCP,2734,69,2024-03-28 01:34:34.341464,1711586074.341463500,443,38640,0x0018,76392,822,,,,,,,,,,
69,23.51.246.151,172.20.146.77,6,TCP,2734,70,2024-03-28 01:34:34.341464,1711586074.341463500,443,38640,0x0018,79072,822,,,,,,,,,,
70,172.20.146.77,23.51.246.151,6,TCP,54,71,2024-03-28 01:34:34.341488,1711586074.341488400,38640,443,0x0010,822,81752,,,,,,,,,,
71,23.51.246.151,172.20.146.77,6,TCP,2734,72,2024-03-28 01:34:34.344268,1711586074.344268100,443,38640,0x0018,81752,822,,,,,,,,,,
72,172.20.146.77,23.51.246.151,6,TCP,54,73,2024-03-28 01:34:34.344285,1711586074.344285400,38640,443,0x0010,822,84432,,,,,,,,,,
73,23.51.246.151,172.20.146.77,6,TLS,2734,74,2024-03-28 01:34:34.344733,1711586074.344732900,443,38640,0x0018,84432,822,TLS_Packet_Captured,,,,,,,,,
74,23.51.246.151,172.20.146.77,6,TCP,1394,75,2024-03-28 01:34:34.344733,1711586074.344733100,443,38640,0x0018,87112,822,,,,,,,,,,
75,23.51.246.151,172.20.146.77,6,TCP,2734,76,2024-03-28 01:34:34.344733,1711586074.344733100,443,38640,0x0018,88452,822,,,,,,,,,,
76,23.51.246.151,172.20.146.77,6,TCP,2734,77,2024-03-28 01:34:34.344733,1711586074.344733100,443,38640,0x0018,91132,822,,,,,,,,,,
77,172.20.146.77,23.51.246.151,6,TCP,54,78,2024-03-28 01:34:34.344747,1711586074.344746700,38640,443,0x0010,822,87112,,,,,,,,,,
78,172.20.146.77,23.51.246.151,6,TCP,54,79,2024-03-28 01:34:34.344754,1711586074.344753700,38640,443,0x0010,822,88452,,,,,,,,,,
79,172.20.146.77,23.51.246.151,6,TCP,54,80,2024-03-28 01:34:34.344755,1711586074.344755200,38640,443,0x0010,822,91132,,,,,,,,,,
80,172.20.146.77,23.51.246.151,6,TCP,54,81,2024-03-28 01:34:34.344757,1711586074.344756600,38640,443,0x0010,822,93812,,,,,,,,,,
81,23.51.246.151,172.20.146.77,6,TCP,2734,82,2024-03-28 01:34:34.345410,1711586074.345410400,443,38640,0x0018,93812,822,,,,,,,,,,
82,23.51.246.151,172.20.146.77,6,TCP,2734,83,2024-03-28 01:34:34.345411,1711586074.345410500,443,38640,0x0018,96492,822,,,,,,,,,,
83,23.51.246.151,172.20.146.77,6,TCP,2734,84,2024-03-28 01:34:34.345411,1711586074.345410500,443,38640,0x0018,99172,822,,,,,,,,,,
84,23.51.246.151,172.20.146.77,6,TLS,2734,85,2024-03-28 01:34:34.345411,1711586074.345410500,443,38640,0x0018,101852,822,TLS_Packet_Captured,,,,,,,,,
85,172.20.146.77,23.51.246.151,6,TCP,54,86,2024-03-28 01:34:34.345443,1711586074.345443400,38640,443,0x0010,822,96492,,,,,,,,,,
86,172.20.146.77,23.51.246.151,6,TCP,54,87,2024-03-28 01:34:34.345446,1711586074.345446300,38640,443,0x0010,822,99172,,,,,,,,,,
87,172.20.146.77,23.51.246.151,6,TCP,54,88,2024-03-28 01:34:34.345448,1711586074.345447700,38640,443,0x0010,822,101852,,,,,,,,,,
88,172.20.146.77,23.51.246.151,6,TCP,54,89,2024-03-28 01:34:34.345449,1711586074.345448900,38640,443,0x0010,822,104532,,,,,,,,,,
89,23.51.246.151,172.20.146.77,6,TCP,2734,90,2024-03-28 01:34:34.345623,1711586074.345622500,443,38640,0x0018,104532,822,,,,,,,,,,
90,172.20.146.77,23.51.246.151,6,TCP,54,91,2024-03-28 01:34:34.345627,1711586074.345626600,38640,443,0x0010,822,107212,,,,,,,,,,
91,23.51.246.151,172.20.146.77,6,TCP,2734,92,2024-03-28 01:34:34.348524,1711586074.348524400,443,38640,0x0018,107212,822,,,,,,,,,,
92,172.20.146.77,23.51.246.151,6,TCP,54,93,2024-03-28 01:34:34.348541,1711586074.348541200,38640,443,0x0010,822,109892,,,,,,,,,,
93,23.51.246.151,172.20.146.77,6,TCP,2734,94,2024-03-28 01:34:34.348883,1711586074.348883100,443,38640,0x0018,109892,822,,,,,,,,,,
94,23.51.246.151,172.20.146.77,6,TCP,2734,95,2024-03-28 01:34:34.348883,1711586074.348883300,443,38640,0x0018,112572,822,,,,,,,,,,
95,23.51.246.151,172.20.146.77,6,TCP,1394,96,2024-03-28 01:34:34.348883,1711586074.348883300,443,38640,0x0010,115252,822,,,,,,,,,,
96,172.20.146.77,23.51.246.151,6,TCP,54,97,2024-03-28 01:34:34.348898,1711586074.348898500,38640,443,0x0010,822,112572,,,,,,,,,,
97,172.20.146.77,23.51.246.151,6,TCP,54,98,2024-03-28 01:34:34.348906,1711586074.348906100,38640,443,0x0010,822,115252,,,,,,,,,,
98,172.20.146.77,23.51.246.151,6,TCP,54,99,2024-03-28 01:34:34.348908,1711586074.348908000,38640,443,0x0010,822,116592,,,,,,,,,,
99,23.51.246.151,172.20.146.77,6,TCP,1394,100,2024-03-28 01:34:34.348926,1711586074.348926200,443,38640,0x0018,116592,822,,,,,,,,,,
100,172.20.146.77,23.51.246.151,6,TCP,54,101,2024-03-28 01:34:34.348929,1711586074.348928600,38640,443,0x0010,822,117932,,,,,,,,,,
101,23.51.246.151,172.20.146.77,6,TLS,4074,102,2024-03-28 01:34:34.361346,1711586074.361345800,443,38640,0x0018,117932,822,TLS_Packet_Captured,,,,,,,,,
102,23.51.246.151,172.20.146.77,6,TCP,1394,103,2024-03-28 01:34:34.361346,1711586074.361346000,443,38640,0x0010,121952,822,,,,,,,,,,
103,172.20.146.77,23.51.246.151,6,TCP,54,104,2024-03-28 01:34:34.361364,1711586074.361364300,38640,443,0x0010,822,121952,,,,,,,,,,
104,172.20.146.77,23.51.246.151,6,TCP,54,105,2024-03-28 01:34:34.361373,1711586074.361372900,38640,443,0x0010,822,123292,,,,,,,,,,
105,23.51.246.151,172.20.146.77,6,TCP,1394,106,2024-03-28 01:34:34.361442,1711586074.361441500,443,38640,0x0018,123292,822,,,,,,,,,,
106,23.51.246.151,172.20.146.77,6,TCP,1394,107,2024-03-28 01:34:34.361442,1711586074.361441700,443,38640,0x0010,124632,822,,,,,,,,,,
107,172.20.146.77,23.51.246.151,6,TCP,54,108,2024-03-28 01:34:34.361447,1711586074.361446700,38640,443,0x0010,822,124632,,,,,,,,,,
108,172.20.146.77,23.51.246.151,6,TCP,54,109,2024-03-28 01:34:34.361449,1711586074.361448800,38640,443,0x0010,822,125972,,,,,,,,,,
109,23.51.246.151,172.20.146.77,6,TCP,1394,110,2024-03-28 01:34:34.364994,1711586074.364994100,443,38640,0x0018,125972,822,,,,,,,,,,
110,23.51.246.151,172.20.146.77,6,TLS,2734,111,2024-03-28 01:34:34.364994,1711586074.364994200,443,38640,0x0018,127312,822,TLS_Packet_Captured,,,,,,,,,
111,23.51.246.151,172.20.146.77,6,TCP,4074,112,2024-03-28 01:34:34.364994,1711586074.364994200,443,38640,0x0018,129992,822,,,,,,,,,,
112,23.51.246.151,172.20.146.77,6,TLS,2734,113,2024-03-28 01:34:34.364994,1711586074.364994200,443,38640,0x0010,134012,822,TLS_Packet_Captured,,,,,,,,,
113,172.20.146.77,23.51.246.151,6,TCP,54,114,2024-03-28 01:34:34.365020,1711586074.365020000,38640,443,0x0010,822,127312,,,,,,,,,,
114,172.20.146.77,23.51.246.151,6,TCP,54,115,2024-03-28 01:34:34.365033,1711586074.365032600,38640,443,0x0010,822,129992,,,,,,,,,,
115,172.20.146.77,23.51.246.151,6,TCP,54,116,2024-03-28 01:34:34.365184,1711586074.365184000,38640,443,0x0010,822,134012,,,,,,,,,,
116,172.20.146.77,23.51.246.151,6,TCP,54,117,2024-03-28 01:34:34.365188,1711586074.365187900,38640,443,0x0010,822,136692,,,,,,,,,,
117,23.51.246.151,172.20.146.77,6,TCP,1394,118,2024-03-28 01:34:34.366110,1711586074.366109800,443,38640,0x0018,136692,822,,,,,,,,,,
118,23.51.246.151,172.20.146.77,6,TCP,2734,119,2024-03-28 01:34:34.366110,1711586074.366109900,443,38640,0x0010,138032,822,,,,,,,,,,
119,23.51.246.151,172.20.146.77,6,TCP,238,120,2024-03-28 01:34:34.366110,1711586074.366109900,443,38640,0x0018,142052,822,,,,,,,,,,
120,23.51.246.151,172.20.146.77,6,TCP,1394,121,2024-03-28 01:34:34.366110,1711586074.366110000,443,38640,0x0010,140712,822,,,,,,,,,,
121,23.51.246.151,172.20.146.77,6,TCP,2734,122,2024-03-28 01:34:34.366110,1711586074.366110000,443,38640,0x0010,142236,822,,,,,,,,,,
122,172.20.146.77,23.51.246.151,6,TCP,54,123,2024-03-28 01:34:34.366124,1711586074.366123600,38640,443,0x0010,822,138032,,,,,,,,,,
123,172.20.146.77,23.51.246.151,6,TCP,54,124,2024-03-28 01:34:34.366127,1711586074.366127300,38640,443,0x0010,822,140712,,,,,,,,,,
124,172.20.146.77,23.51.246.151,6,TCP,66,125,2024-03-28 01:34:34.366130,1711586074.366129700,38640,443,0x0010,822,140712,,,,,,,,,,
125,172.20.146.77,23.51.246.151,6,TCP,54,126,2024-03-28 01:34:34.366132,1711586074.366131600,38640,443,0x0010,822,142236,,,,,,,,,,
126,172.20.146.77,23.51.246.151,6,TCP,54,127,2024-03-28 01:34:34.366133,1711586074.366132900,38640,443,0x0010,822,144916,,,,,,,,,,
127,23.51.246.151,172.20.146.77,6,TCP,2734,128,2024-03-28 01:34:34.366775,1711586074.366774500,443,38640,0x0018,144916,822,,,,,,,,,,
128,23.51.246.151,172.20.146.77,6,TCP,2550,129,2024-03-28 01:34:34.366775,1711586074.366774700,443,38640,0x0018,147596,822,,,,,,,,,,
129,23.51.246.151,172.20.146.77,6,TCP,2014,130,2024-03-28 01:34:34.366775,1711586074.366774700,443,38640,0x0018,150092,822,,,,,,,,,,
130,23.51.246.151,172.20.146.77,6,TLS,2734,131,2024-03-28 01:34:34.366775,1711586074.366774800,443,38640,0x0010,152052,822,TLS_Packet_Captured,,,,,,,,,
131,172.20.146.77,23.51.246.151,6,TCP,54,132,2024-03-28 01:34:34.366787,1711586074.366787200,38640,443,0x0010,822,147596,,,,,,,,,,
132,172.20.146.77,23.51.246.151,6,TCP,54,133,2024-03-28 01:34:34.366793,1711586074.366793500,38640,443,0x0010,822,150092,,,,,,,,,,
133,172.20.146.77,23.51.246.151,6,TCP,54,134,2024-03-28 01:34:34.366795,1711586074.366795000,38640,443,0x0010,822,152052,,,,,,,,,,
134,172.20.146.77,23.51.246.151,6,TCP,54,135,2024-03-28 01:34:34.366796,1711586074.366796400,38640,443,0x0010,822,154732,,,,,,,,,,
135,23.51.246.151,172.20.146.77,6,TCP,1394,136,2024-03-28 01:34:34.366889,1711586074.366889100,443,38640,0x0010,154732,822,,,,,,,,,,
136,172.20.146.77,23.51.246.151,6,TCP,54,137,2024-03-28 01:34:34.366892,1711586074.366892400,38640,443,0x0010,822,156072,,,,,,,,,,
137,23.51.246.151,172.20.146.77,6,TCP,1394,138,2024-03-28 01:34:34.368289,1711586074.368288800,443,38640,0x0018,156072,822,,,,,,,,,,
138,23.51.246.151,172.20.146.77,6,TCP,6754,139,2024-03-28 01:34:34.368289,1711586074.368288900,443,38640,0x0018,157412,822,,,,,,,,,,
139,172.20.146.77,23.51.246.151,6,TCP,54,140,2024-03-28 01:34:34.368298,1711586074.368298000,38640,443,0x0010,822,157412,,,,,,,,,,
140,172.20.146.77,23.51.246.151,6,TCP,54,141,2024-03-28 01:34:34.368302,1711586074.368302200,38640,443,0x0010,822,164112,,,,,,,,,,
141,23.51.246.151,172.20.146.77,6,TCP,4074,142,2024-03-28 01:34:34.368835,1711586074.368835300,443,38640,0x0010,164112,822,,,,,,,,,,
142,23.51.246.151,172.20.146.77,6,TLS,70,143,2024-03-28 01:34:34.368835,1711586074.368835400,443,38640,0x0018,169472,822,TLS_Packet_Captured,,,,,,,,,
143,23.51.246.151,172.20.146.77,6,DATA,1394,144,2024-03-28 01:34:34.368835,1711586074.368835400,443,38640,0x0010,168132,822,,,,,,,,,,
144,23.51.246.151,172.20.146.77,6,TLS,2734,145,2024-03-28 01:34:34.368835,1711586074.368835400,443,38640,0x0010,169488,822,TLS_Packet_Captured,,,,,,,,,
145,172.20.146.77,23.51.246.151,6,TCP,54,146,2024-03-28 01:34:34.368846,1711586074.368845600,38640,443,0x0010,822,168132,,,,,,,,,,
146,172.20.146.77,23.51.246.151,6,TCP,66,147,2024-03-28 01:34:34.368851,1711586074.368851400,38640,443,0x0010,822,168132,,,,,,,,,,
147,172.20.146.77,23.51.246.151,6,TCP,54,148,2024-03-28 01:34:34.368853,1711586074.368853400,38640,443,0x0010,822,169488,,,,,,,,,,
148,172.20.146.77,23.51.246.151,6,TCP,54,149,2024-03-28 01:34:34.368855,1711586074.368854800,38640,443,0x0010,822,172168,,,,,,,,,,
149,23.51.246.151,172.20.146.77,6,TLS,1838,150,2024-03-28 01:34:34.377680,1711586074.377679700,443,38640,0x0018,172168,822,TLS_Packet_Captured,,,,,,,,,
150,23.51.246.151,172.20.146.77,6,TLS,1394,151,2024-03-28 01:34:34.377680,1711586074.377679900,443,38640,0x0010,173952,822,TLS_Packet_Captured,,,,,,,,,
151,172.20.146.77,23.51.246.151,6,TCP,54,152,2024-03-28 01:34:34.377698,1711586074.377697700,38640,443,0x0010,822,173952,,,,,,,,,,
152,172.20.146.77,23.51.246.151,6,TCP,54,153,2024-03-28 01:34:34.377707,1711586074.377706900,38640,443,0x0010,822,175292,,,,,,,,,,
153,23.51.246.151,172.20.146.77,6,TLS,5414,154,2024-03-28 01:34:34.378457,1711586074.378457300,443,38640,0x0018,175292,822,TLS_Packet_Captured,,,,,,,,,
154,23.51.246.151,172.20.146.77,6,TLS,314,155,2024-03-28 01:34:34.378457,1711586074.378457400,443,38640,0x0010,180652,822,TLS_Packet_Captured,,,,,,,,,
155,23.51.246.151,172.20.146.77,6,TLS,6754,156,2024-03-28 01:34:34.378458,1711586074.378457500,443,38640,0x0018,180912,822,TLS_Packet_Captured,,,,,,,,,
156,172.20.146.77,23.51.246.151,6,TCP,54,157,2024-03-28 01:34:34.378472,1711586074.378472200,38640,443,0x0010,822,180652,,,,,,,,,,
157,172.20.146.77,23.51.246.151,6,TCP,54,158,2024-03-28 01:34:34.378478,1711586074.378478100,38640,443,0x0010,822,180912,,,,,,,,,,
158,172.20.146.77,23.51.246.151,6,TCP,54,159,2024-03-28 01:34:34.378480,1711586074.378479900,38640,443,0x0010,822,187612,,,,,,,,,,
159,23.51.246.151,172.20.146.77,6,TLS,4074,160,2024-03-28 01:34:34.378697,1711586074.378696900,443,38640,0x0010,187612,822,TLS_Packet_Captured,,,,,,,,,
160,172.20.146.77,23.51.246.151,6,TCP,54,161,2024-03-28 01:34:34.378701,1711586074.378701500,38640,443,0x0010,822,191632,,,,,,,,,,
161,23.51.246.151,172.20.146.77,6,TLS,2474,162,2024-03-28 01:34:34.380958,1711586074.380958300,443,38640,0x0018,191632,822,TLS_Packet_Captured,,,,,,,,,
162,172.20.146.77,23.51.246.151,6,TCP,54,163,2024-03-28 01:34:34.380977,1711586074.380976600,38640,443,0x0010,822,194052,,,,,,,,,,
163,23.51.246.151,172.20.146.77,6,TLS,5414,164,2024-03-28 01:34:34.381339,1711586074.381339100,443,38640,0x0010,194052,822,TLS_Packet_Captured,,,,,,,,,
164,172.20.146.77,23.51.246.151,6,TCP,54,165,2024-03-28 01:34:34.381350,1711586074.381349900,38640,443,0x0010,822,199412,,,,,,,,,,
165,23.51.246.151,172.20.146.77,6,TLS,2734,166,2024-03-28 01:34:34.382054,1711586074.382053800,443,38640,0x0018,199412,822,TLS_Packet_Captured,,,,,,,,,
166,23.51.246.151,172.20.146.77,6,TLS,5414,167,2024-03-28 01:34:34.382054,1711586074.382054000,443,38640,0x0010,202092,822,TLS_Packet_Captured,,,,,,,,,
167,23.51.246.151,172.20.146.77,6,TLS,238,168,2024-03-28 01:34:34.382054,1711586074.382054000,443,38640,0x0018,208792,822,TLS_Packet_Captured,,,,,,,,,
168,23.51.246.151,172.20.146.77,6,TCP,1394,169,2024-03-28 01:34:34.382054,1711586074.382054000,443,38640,0x0010,207452,822,,,,,,,,,,
169,172.20.146.77,23.51.246.151,6,TCP,54,170,2024-03-28 01:34:34.382066,1711586074.382066600,38640,443,0x0010,822,202092,,,,,,,,,,
170,172.20.146.77,23.51.246.151,6,TCP,54,171,2024-03-28 01:34:34.382071,1711586074.382070500,38640,443,0x0010,822,207452,,,,,,,,,,
171,172.20.146.77,23.51.246.151,6,TCP,66,172,2024-03-28 01:34:34.382073,1711586074.382072900,38640,443,0x0010,822,207452,,,,,,,,,,
172,172.20.146.77,23.51.246.151,6,TCP,54,173,2024-03-28 01:34:34.382075,1711586074.382074700,38640,443,0x0010,822,208976,,,,,,,,,,
173,23.51.246.151,172.20.146.77,6,TLS,1394,174,2024-03-28 01:34:34.382076,1711586074.382075800,443,38640,0x0010,208976,822,TLS_Packet_Captured,,,,,,,,,
174,23.51.246.151,172.20.146.77,6,TLS,130,175,2024-03-28 01:34:34.382076,1711586074.382075900,443,38640,0x0018,211656,822,TLS_Packet_Captured,,,,,,,,,
175,172.20.146.77,23.51.246.151,6,TCP,54,176,2024-03-28 01:34:34.382078,1711586074.382077900,38640,443,0x0010,822,210316,,,,,,,,,,
176,172.20.146.77,23.51.246.151,6,TCP,66,177,2024-03-28 01:34:34.382079,1711586074.382079300,38640,443,0x0010,822,210316,,,,,,,,,,
177,23.51.246.151,172.20.146.77,6,TCP,1394,178,2024-03-28 01:34:34.382284,1711586074.382284200,443,38640,0x0010,210316,822,,,,,,,,,,
178,172.20.146.77,23.51.246.151,6,TCP,54,179,2024-03-28 01:34:34.382289,1711586074.382289000,38640,443,0x0010,822,211732,,,,,,,,,,
179,23.51.246.151,172.20.146.77,6,TLS,1394,180,2024-03-28 01:34:34.385292,1711586074.385292300,443,38640,0x0010,211732,822,TLS_Packet_Captured,,,,,,,,,
180,172.20.146.77,23.51.246.151,6,TCP,54,181,2024-03-28 01:34:34.385310,1711586074.385309800,38640,443,0x0010,822,213072,,,,,,,,,,
181,23.51.246.151,172.20.146.77,6,TLS,690,182,2024-03-28 01:34:34.387417,1711586074.387416700,443,38640,0x0018,213072,822,TLS_Packet_Captured,,,,,,,,,
182,23.51.246.151,172.20.146.77,6,TLS,1394,183,2024-03-28 01:34:34.387417,1711586074.387416900,443,38640,0x0010,213708,822,TLS_Packet_Captured,,,,,,,,,
183,172.20.146.77,23.51.246.151,6,TCP,54,184,2024-03-28 01:34:34.387434,1711586074.387434600,38640,443,0x0010,822,213708,,,,,,,,,,
184,172.20.146.77,23.51.246.151,6,TCP,54,185,2024-03-28 01:34:34.387444,1711586074.387443800,38640,443,0x0010,822,215048,,,,,,,,,,
185,23.51.246.151,172.20.146.77,6,TLS,2526,186,2024-03-28 01:34:34.388383,1711586074.388383000,443,38640,0x0018,215048,822,TLS_Packet_Captured,,,,,,,,,
186,23.51.246.151,172.20.146.77,6,TLS,8094,187,2024-03-28 01:34:34.388383,1711586074.388383100,443,38640,0x0018,217520,822,TLS_Packet_Captured,,,,,,,,,
187,172.20.146.77,23.51.246.151,6,TCP,54,188,2024-03-28 01:34:34.388404,1711586074.388404400,38640,443,0x0010,822,217520,,,,,,,,,,
188,172.20.146.77,23.51.246.151,6,TCP,54,189,2024-03-28 01:34:34.388417,1711586074.388417100,38640,443,0x0010,822,225560,,,,,,,,,,
189,23.51.246.151,172.20.146.77,6,TLS,2734,190,2024-03-28 01:34:34.388422,1711586074.388421600,443,38640,0x0010,225560,822,TLS_Packet_Captured,,,,,,,,,
190,172.20.146.77,23.51.246.151,6,TCP,54,191,2024-03-28 01:34:34.388424,1711586074.388423800,38640,443,0x0010,822,228240,,,,,,,,,,
191,23.51.246.151,172.20.146.77,6,TLS,1394,192,2024-03-28 01:34:34.388466,1711586074.388465900,443,38640,0x0010,228240,822,TLS_Packet_Captured,,,,,,,,,
192,172.20.146.77,23.51.246.151,6,TCP,54,193,2024-03-28 01:34:34.388470,1711586074.388469900,38640,443,0x0010,822,229580,,,,,,,,,,
193,23.51.246.151,172.20.146.77,6,TLS,2734,194,2024-03-28 01:34:34.389132,1711586074.389132200,443,38640,0x0010,229580,822,TLS_Packet_Captured,,,,,,,,,
194,172.20.146.77,23.51.246.151,6,TCP,54,195,2024-03-28 01:34:34.389147,1711586074.389146700,38640,443,0x0010,822,232260,,,,,,,,,,
195,23.51.246.151,172.20.146.77,6,TLS,1394,196,2024-03-28 01:34:34.393146,1711586074.393146200,443,38640,0x0018,232260,822,TLS_Packet_Captured,,,,,,,,,
196,23.51.246.151,172.20.146.77,6,TLS,1394,197,2024-03-28 01:34:34.393147,1711586074.393146400,443,38640,0x0010,233600,822,TLS_Packet_Captured,,,,,,,,,
197,172.20.146.77,23.51.246.151,6,TCP,54,198,2024-03-28 01:34:34.393165,1711586074.393164900,38640,443,0x0010,822,233600,,,,,,,,,,
198,172.20.146.77,23.51.246.151,6,TCP,54,199,2024-03-28 01:34:34.393175,1711586074.393174700,38640,443,0x0010,822,234940,,,,,,,,,,
199,23.51.246.151,172.20.146.77,6,TLS,6754,200,2024-03-28 01:34:34.393727,1711586074.393727100,443,38640,0x0018,234940,822,TLS_Packet_Captured,,,,,,,,,
200,23.51.246.151,172.20.146.77,6,TLS,966,201,2024-03-28 01:34:34.393727,1711586074.393727200,443,38640,0x0018,241640,822,TLS_Packet_Captured,,,,,,,,,
201,23.51.246.151,172.20.146.77,6,TLS,6754,202,2024-03-28 01:34:34.393727,1711586074.393727300,443,38640,0x0010,242552,822,TLS_Packet_Captured,,,,,,,,,
202,172.20.146.77,23.51.246.151,6,TCP,54,203,2024-03-28 01:34:34.393741,1711586074.393741400,38640,443,0x0010,822,241640,,,,,,,,,,
203,172.20.146.77,23.51.246.151,6,TCP,54,204,2024-03-28 01:34:34.393745,1711586074.393745200,38640,443,0x0010,822,242552,,,,,,,,,,
204,172.20.146.77,23.51.246.151,6,TCP,54,205,2024-03-28 01:34:34.393747,1711586074.393746600,38640,443,0x0010,822,249252,,,,,,,,,,
205,23.51.246.151,172.20.146.77,6,TLS,908,206,2024-03-28 01:34:34.398675,1711586074.398675100,443,38640,0x0018,249252,822,TLS_Packet_Captured,,,,,,,,,
206,172.20.146.77,23.51.246.151,6,TCP,54,207,2024-03-28 01:34:34.398692,1711586074.398692400,38640,443,0x0010,822,250106,,,,,,,,,,
207,172.20.146.77,172.20.144.1,17,DNS,78,208,2024-03-28 01:34:34.408043,1711586074.408043000,,,,,,,www.indiatimes.com,,1,0x0001,1,0,0,39833,53
208,172.20.146.77,172.20.144.1,17,DNS,78,209,2024-03-28 01:34:34.408049,1711586074.408049000,,,,,,,www.indiatimes.com,,28,0x0001,1,0,0,39833,53
209,172.20.144.1,172.20.146.77,17,DNS,260,210,2024-03-28 01:34:34.408889,1711586074.408888600,,,,,,,www.indiatimes.com,www.indiatimes.com,1,0x0001,1,3,0,53,39833
210,172.20.144.1,172.20.146.77,17,DNS,356,211,2024-03-28 01:34:34.409218,1711586074.409218000,,,,,,,www.indiatimes.com,www.indiatimes.com,28,0x0001,1,6,0,53,39833
211,172.20.146.77,23.51.246.151,6,TCP,74,212,2024-03-28 01:34:34.409580,1711586074.409579700,38682,443,0x0002,0,0,,,,,,,,,,
212,23.51.246.151,172.20.146.77,6,TCP,66,213,2024-03-28 01:34:34.450508,1711586074.450507900,443,38682,0x0012,0,1,,,,,,,,,,
213,172.20.146.77,23.51.246.151,6,TCP,54,214,2024-03-28 01:34:34.450630,1711586074.450630400,38682,443,0x0010,1,1,,,,,,,,,,
214,172.20.144.1,239.255.255.250,17,SSDP,167,215,2024-03-28 01:34:34.484098,1711586074.484097800,,,,,,,,,,,,,,61087,1900
215,172.20.146.77,23.51.246.151,6,TLS,571,216,2024-03-28 01:34:34.504755,1711586074.504754800,38682,443,0x0018,1,1,TLS_Packet_Captured,,,,,,,,,
216,23.51.246.151,172.20.146.77,6,TLS,2734,217,2024-03-28 01:34:34.545376,1711586074.545376000,443,38682,0x0018,1,518,TLS_Packet_Captured,,,,,,,,,
217,23.51.246.151,172.20.146.77,6,TCP,130,218,2024-03-28 01:34:34.545376,1711586074.545376200,443,38682,0x0018,4021,518,,,,,,,,,,
218,23.51.246.151,172.20.146.77,6,TCP,1394,219,2024-03-28 01:34:34.545376,1711586074.545376300,443,38682,0x0010,2681,518,,,,,,,,,,
219,172.20.146.77,23.51.246.151,6,TCP,54,220,2024-03-28 01:34:34.545425,1711586074.545424800,38682,443,0x0010,518,2681,,,,,,,,,,
220,172.20.146.77,23.51.246.151,6,TCP,66,221,2024-03-28 01:34:34.545442,1711586074.545442100,38682,443,0x0010,518,2681,,,,,,,,,,
221,172.20.146.77,23.51.246.151,6,TCP,54,222,2024-03-28 01:34:34.545446,1711586074.545445900,38682,443,0x0010,518,4097,,,,,,,,,,
222,23.51.246.151,172.20.146.77,6,TCP,54,223,2024-03-28 01:34:34.553384,1711586074.553383900,443,38682,0x0010,1,518,,,,,,,,,,
223,172.20.146.77,23.51.246.151,6,TCP,54,224,2024-03-28 01:34:34.553401,1711586074.553401200,38682,443,0x0010,518,4097,,,,,,,,,,
224,23.51.246.151,172.20.146.77,6,TLS,63,225,2024-03-28 01:34:34.566346,1711586074.566346000,443,38682,0x0018,5437,518,TLS_Packet_Captured,,,,,,,,,
225,23.51.246.151,172.20.146.77,6,DATA,1394,226,2024-03-28 01:34:34.566346,1711586074.566346300,443,38682,0x0010,4097,518,,,,,,,,,,
226,172.20.146.77,23.51.246.151,6,TCP,66,227,2024-03-28 01:34:34.566376,1711586074.566376100,38682,443,0x0010,518,4097,,,,,,,,,,
227,172.20.146.77,23.51.246.151,6,TCP,54,228,2024-03-28 01:34:34.566438,1711586074.566438400,38682,443,0x0010,518,5446,,,,,,,,,,
228,172.20.146.77,23.51.246.151,6,TLS,180,229,2024-03-28 01:34:34.568125,1711586074.568125200,38682,443,0x0018,518,5446,TLS_Packet_Captured,,,,,,,,,
229,23.51.246.151,172.20.146.77,6,TLS,105,230,2024-03-28 01:34:34.615596,1711586074.615596000,443,38682,0x0018,5446,644,TLS_Packet_Captured,,,,,,,,,
230,172.20.146.77,23.51.246.151,6,TCP,54,231,2024-03-28 01:34:34.615617,1711586074.615616600,38682,443,0x0010,644,5497,,,,,,,,,,
231,172.20.146.77,23.51.246.151,6,TLS,232,232,2024-03-28 01:34:34.616146,1711586074.616145700,38682,443,0x0018,644,5497,TLS_Packet_Captured,,,,,,,,,
232,23.51.246.151,172.20.146.77,6,TLS,2610,233,2024-03-28 01:34:34.682469,1711586074.682469200,443,38682,0x0018,5497,822,TLS_Packet_Captured,,,,,,,,,
233,23.51.246.151,172.20.146.77,6,TLS,2734,234,2024-03-28 01:34:34.682470,1711586074.682469500,443,38682,0x0018,8053,822,TLS_Packet_Captured,,,,,,,,,
234,23.51.246.151,172.20.146.77,6,TCP,2734,235,2024-03-28 01:34:34.682470,1711586074.682469500,443,38682,0x0018,10733,822,,,,,,,,,,
235,23.51.246.151,172.20.146.77,6,TCP,2734,236,2024-03-28 01:34:34.682470,1711586074.682469500,443,38682,0x0018,13413,822,,,,,,,,,,
236,172.20.146.77,23.51.246.151,6,TCP,54,237,2024-03-28 01:34:34.682492,1711586074.682492300,38682,443,0x0010,822,8053,,,,,,,,,,
237,172.20.146.77,23.51.246.151,6,TCP,54,238,2024-03-28 01:34:34.682522,1711586074.682521800,38682,443,0x0010,822,10733,,,,,,,,,,
238,172.20.146.77,23.51.246.151,6,TCP,54,239,2024-03-28 01:34:34.682525,1711586074.682525300,38682,443,0x0010,822,13413,,,,,,,,,,
239,172.20.146.77,23.51.246.151,6,TCP,54,240,2024-03-28 01:34:34.682527,1711586074.682526800,38682,443,0x0010,822,16093,,,,,,,,,,
240,23.51.246.151,172.20.146.77,6,TCP,2734,241,2024-03-28 01:34:34.682531,1711586074.682531400,443,38682,0x0018,16093,822,,,,,,,,,,
241,172.20.146.77,23.51.246.151,6,TCP,54,242,2024-03-28 01:34:34.682534,1711586074.682533600,38682,443,0x0010,822,18773,,,,,,,,,,
242,23.51.246.151,172.20.146.77,6,TCP,2734,243,2024-03-28 01:34:34.690198,1711586074.690198300,443,38682,0x0018,18773,822,,,,,,,,,,
243,23.51.246.151,172.20.146.77,6,TCP,2734,244,2024-03-28 01:34:34.690198,1711586074.690198400,443,38682,0x0018,21453,822,,,,,,,,,,
244,23.51.246.151,172.20.146.77,6,TLS,2734,245,2024-03-28 01:34:34.690198,1711586074.690198500,443,38682,0x0018,24133,822,TLS_Packet_Captured,,,,,,,,,
245,23.51.246.151,172.20.146.77,6,TCP,2734,246,2024-03-28 01:34:34.690198,1711586074.690198500,443,38682,0x0018,26813,822,,,,,,,,,,
246,172.20.146.77,23.51.246.151,6,TCP,54,247,2024-03-28 01:34:34.690218,1711586074.690218000,38682,443,0x0010,822,21453,,,,,,,,,,
247,172.20.146.77,23.51.246.151,6,TCP,54,248,2024-03-28 01:34:34.690249,1711586074.690248700,38682,443,0x0010,822,24133,,,,,,,,,,
248,23.51.246.151,172.20.146.77,6,TCP,2734,249,2024-03-28 01:34:34.690267,1711586074.690266600,443,38682,0x0018,29493,822,,,,,,,,,,
249,172.20.146.77,23.51.246.151,6,TCP,54,250,2024-03-28 01:34:34.690407,1711586074.690407000,38682,443,0x0010,822,32173,,,,,,,,,,
250,23.51.246.151,172.20.146.77,6,TLS,2734,251,2024-03-28 01:34:34.692952,1711586074.692952100,443,38682,0x0018,32173,822,TLS_Packet_Captured,,,,,,,,,
251,23.51.246.151,172.20.146.77,6,TCP,2734,252,2024-03-28 01:34:34.692952,1711586074.692952400,443,38682,0x0018,34853,822,,,,,,,,,,
252,23.51.246.151,172.20.146.77,6,TCP,2734,253,2024-03-28 01:34:34.692952,1711586074.692952400,443,38682,0x0018,37533,822,,,,,,,,,,
253,23.51.246.151,172.20.146.77,6,TCP,2734,254,2024-03-28 01:34:34.692952,1711586074.692952400,443,38682,0x0018,40213,822,,,,,,,,,,
254,172.20.146.77,23.51.246.151,6,TCP,54,255,2024-03-28 01:34:34.692973,1711586074.692973000,38682,443,0x0010,822,34853,,,,,,,,,,
255,23.51.246.151,172.20.146.77,6,TCP,2734,256,2024-03-28 01:34:34.693036,1711586074.693035500,443,38682,0x0018,42893,822,,,,,,,,,,
256,23.51.246.151,172.20.146.77,6,TCP,2734,257,2024-03-28 01:34:34.693036,1711586074.693035500,443,38682,0x0018,45573,822,,,,,,,,,,
257,23.51.246.151,172.20.146.77,6,TLS,1394,258,2024-03-28 01:34:34.693036,1711586074.693035600,443,38682,0x0010,48253,822,TLS_Packet_Captured,,,,,,,,,
258,172.20.146.77,23.51.246.151,6,TCP,54,259,2024-03-28 01:34:34.693215,1711586074.693215400,38682,443,0x0010,822,49593,,,,,,,,,,
259,23.51.246.151,172.20.146.77,6,TCP,1394,260,2024-03-28 01:34:34.693436,1711586074.693436100,443,38682,0x0018,49593,822,,,,,,,,,,
260,23.51.246.151,172.20.146.77,6,TCP,2734,261,2024-03-28 01:34:34.693436,1711586074.693436300,443,38682,0x0018,50933,822,,,,,,,,,,
261,172.20.146.77,23.51.246.151,6,TCP,54,262,2024-03-28 01:34:34.693697,1711586074.693697200,38682,443,0x0010,822,53613,,,,,,,,,,
262,23.51.246.151,172.20.146.77,6,TCP,2734,263,2024-03-28 01:34:34.696697,1711586074.696696800,443,38682,0x0018,53613,822,,,,,,,,,,
263,172.20.146.77,23.51.246.151,6,TCP,54,264,2024-03-28 01:34:34.696718,1711586074.696718400,38682,443,0x0010,822,56293,,,,,,,,,,
264,23.51.246.151,172.20.146.77,6,TLS,1394,265,2024-03-28 01:34:34.697296,1711586074.697296000,443,38682,0x0010,56293,822,TLS_Packet_Captured,,,,,,,,,
265,23.51.246.151,172.20.146.77,6,TCP,2734,266,2024-03-28 01:34:34.698566,1711586074.698566300,443,38682,0x0018,57633,822,,,,,,,,,,
266,172.20.146.77,23.51.246.151,6,TCP,54,267,2024-03-28 01:34:34.698576,1711586074.698575700,38682,443,0x0010,822,60313,,,,,,,,,,
267,23.51.246.151,172.20.146.77,6,TCP,2734,268,2024-03-28 01:34:34.698933,1711586074.698932800,443,38682,0x0018,60313,822,,,,,,,,,,
268,23.51.246.151,172.20.146.77,6,TCP,1394,269,2024-03-28 01:34:34.698933,1711586074.698932900,443,38682,0x0010,62993,822,,,,,,,,,,
269,172.20.146.77,23.51.246.151,6,TCP,54,270,2024-03-28 01:34:34.698939,1711586074.698939400,38682,443,0x0010,822,62993,,,,,,,,,,
270,23.51.246.151,172.20.146.77,6,TCP,1394,271,2024-03-28 01:34:34.699305,1711586074.699305400,443,38682,0x0018,64333,822,,,,,,,,,,
271,23.51.246.151,172.20.146.77,6,TCP,2734,272,2024-03-28 01:34:34.699306,1711586074.699305500,443,38682,0x0018,65673,822,,,,,,,,,,
272,172.20.146.77,23.51.246.151,6,TCP,54,273,2024-03-28 01:34:34.699331,1711586074.699330700,38682,443,0x0010,822,65673,,,,,,,,,,
273,172.20.146.77,23.51.246.151,6,TCP,54,274,2024-03-28 01:34:34.699431,1711586074.699431000,38682,443,0x0010,822,68353,,,,,,,,,,
274,23.51.246.151,172.20.146.77,6,TCP,2734,275,2024-03-28 01:34:34.705705,1711586074.705705300,443,38682,0x0018,68353,822,,,,,,,,,,
275,172.20.146.77,23.51.246.151,6,TCP,54,276,2024-03-28 01:34:34.705716,1711586074.705716200,38682,443,0x0010,822,71033,,,,,,,,,,
276,23.51.246.151,172.20.146.77,6,TCP,2734,277,2024-03-28 01:34:34.710540,1711586074.710540000,443,38682,0x0018,71033,822,,,,,,,,,,
277,23.51.246.151,172.20.146.77,6,TLS,2734,278,2024-03-28 01:34:34.710540,1711586074.710540300,443,38682,0x0018,73713,822,TLS_Packet_Captured,,,,,,,,,
278,23.51.246.151,172.20.146.77,6,TCP,2734,279,2024-03-28 01:34:34.710540,1711586074.710540300,443,38682,0x0018,76393,822,,,,,,,,,,
279,23.51.246.151,172.20.146.77,6,TCP,1394,280,2024-03-28 01:34:34.710540,1711586074.710540400,443,38682,0x0010,79073,822,,,,,,,,,,
280,172.20.146.77,23.51.246.151,6,TCP,54,281,2024-03-28 01:34:34.710598,1711586074.710597700,38682,443,0x0010,822,73713,,,,,,,,,,
281,172.20.146.77,23.51.246.151,6,TCP,54,282,2024-03-28 01:34:34.710691,1711586074.710690700,38682,443,0x0010,822,76393,,,,,,,,,,
282,172.20.146.77,23.51.246.151,6,TCP,54,283,2024-03-28 01:34:34.710693,1711586074.710693200,38682,443,0x0010,822,79073,,,,,,,,,,
283,172.20.146.77,23.51.246.151,6,TCP,54,284,2024-03-28 01:34:34.710695,1711586074.710694900,38682,443,0x0010,822,80413,,,,,,,,,,
284,23.51.246.151,172.20.146.77,6,TCP,1394,285,2024-03-28 01:34:34.710804,1711586074.710804100,443,38682,0x0018,80413,822,,,,,,,,,,
285,23.51.246.151,172.20.146.77,6,TLS,2734,286,2024-03-28 01:34:34.710804,1711586074.710804200,443,38682,0x0018,81753,822,TLS_Packet_Captured,,,,,,,,,
286,23.51.246.151,172.20.146.77,6,TCP,1394,287,2024-03-28 01:34:34.710804,1711586074.710804200,443,38682,0x0010,84433,822,,,,,,,,,,
287,172.20.146.77,23.51.246.151,6,TCP,54,288,2024-03-28 01:34:34.710812,1711586074.710811900,38682,443,0x0010,822,81753,,,,,,,,,,
288,172.20.146.77,23.51.246.151,6,TCP,54,289,2024-03-28 01:34:34.710815,1711586074.710815100,38682,443,0x0010,822,84433,,,,,,,,,,
289,172.20.146.77,23.51.246.151,6,TCP,54,290,2024-03-28 01:34:34.710817,1711586074.710816700,38682,443,0x0010,822,85773,,,,,,,,,,
290,23.51.246.151,172.20.146.77,6,TCP,1394,291,2024-03-28 01:34:34.711552,1711586074.711552200,443,38682,0x0018,85773,822,,,,,,,,,,
291,23.51.246.151,172.20.146.77,6,TCP,1394,292,2024-03-28 01:34:34.711552,1711586074.711552300,443,38682,0x0018,87113,822,,,,,,,,,,
292,23.51.246.151,172.20.146.77,6,TCP,2734,293,2024-03-28 01:34:34.711552,1711586074.711552300,443,38682,0x0018,88453,822,,,,,,,,,,
293,23.51.246.151,172.20.146.77,6,TCP,2734,294,2024-03-28 01:34:34.711552,1711586074.711552400,443,38682,0x0018,91133,822,,,,,,,,,,
294,23.51.246.151,172.20.146.77,6,TCP,2734,295,2024-03-28 01:34:34.711552,1711586074.711552400,443,38682,0x0018,93813,822,,,,,,,,,,
295,172.20.146.77,23.51.246.151,6,TCP,54,296,2024-03-28 01:34:34.711561,1711586074.711560700,38682,443,0x0010,822,87113,,,,,,,,,,
296,172.20.146.77,23.51.246.151,6,TCP,54,297,2024-03-28 01:34:34.711563,1711586074.711563400,38682,443,0x0010,822,88453,,,,,,,,,,
297,172.20.146.77,23.51.246.151,6,TCP,54,298,2024-03-28 01:34:34.711565,1711586074.711564900,38682,443,0x0010,822,91133,,,,,,,,,,
298,172.20.146.77,23.51.246.151,6,TCP,54,299,2024-03-28 01:34:34.711566,1711586074.711566100,38682,443,0x0010,822,93813,,,,,,,,,,
299,172.20.146.77,23.51.246.151,6,TCP,54,300,2024-03-28 01:34:34.711568,1711586074.711568400,38682,443,0x0010,822,96493,,,,,,,,,,
300,23.51.246.151,172.20.146.77,6,TCP,1394,301,2024-03-28 01:34:34.711570,1711586074.711569800,443,38682,0x0010,96493,822,,,,,,,,,,
301,172.20.146.77,23.51.246.151,6,TCP,54,302,2024-03-28 01:34:34.711571,1711586074.711571200,38682,443,0x0010,822,97833,,,,,,,,,,
302,23.51.246.151,172.20.146.77,6,TLS,1394,303,2024-03-28 01:34:34.712389,1711586074.712389000,443,38682,0x0018,97833,822,TLS_Packet_Captured,,,,,,,,,
303,23.51.246.151,172.20.146.77,6,TCP,2734,304,2024-03-28 01:34:34.712389,1711586074.712389100,443,38682,0x0018,99173,822,,,,,,,,,,
304,23.51.246.151,172.20.146.77,6,TCP,2734,305,2024-03-28 01:34:34.712389,1711586074.712389100,443,38682,0x0018,101853,822,,,,,,,,,,
305,23.51.246.151,172.20.146.77,6,TLS,2734,306,2024-03-28 01:34:34.712389,1711586074.712389100,443,38682,0x0018,104533,822,TLS_Packet_Captured,,,,,,,,,
306,172.20.146.77,23.51.246.151,6,TCP,54,307,2024-03-28 01:34:34.712399,1711586074.712399000,38682,443,0x0010,822,99173,,,,,,,,,,
307,172.20.146.77,23.51.246.151,6,TCP,54,308,2024-03-28 01:34:34.712441,1711586074.712440800,38682,443,0x0010,822,101853,,,,,,,,,,
308,172.20.146.77,23.51.246.151,6,TCP,54,309,2024-03-28 01:34:34.712444,1711586074.712443800,38682,443,0x0010,822,104533,,,,,,,,,,
309,172.20.146.77,23.51.246.151,6,TCP,54,310,2024-03-28 01:34:34.712445,1711586074.712445200,38682,443,0x0010,822,107213,,,,,,,,,,
310,23.51.246.151,172.20.146.77,6,TCP,2734,311,2024-03-28 01:34:34.718700,1711586074.718699600,443,38682,0x0018,107213,822,,,,,,,,,,
311,172.20.146.77,23.51.246.151,6,TCP,54,312,2024-03-28 01:34:34.718718,1711586074.718717500,38682,443,0x0010,822,109893,,,,,,,,,,
312,23.51.246.151,172.20.146.77,6,TCP,2734,313,2024-03-28 01:34:34.718973,1711586074.718973200,443,38682,0x0018,109893,822,,,,,,,,,,
313,23.51.246.151,172.20.146.77,6,TCP,2734,314,2024-03-28 01:34:34.718973,1711586074.718973300,443,38682,0x0018,112573,822,,,,,,,,,,
314,172.20.146.77,23.51.246.151,6,TCP,54,315,2024-03-28 01:34:34.718981,1711586074.718981000,38682,443,0x0010,822,112573,,,,,,,,,,
315,172.20.146.77,23.51.246.151,6,TCP,54,316,2024-03-28 01:34:34.719003,1711586074.719003300,38682,443,0x0010,822,115253,,,,,,,,,,
316,23.51.246.151,172.20.146.77,6,TCP,2734,317,2024-03-28 01:34:34.728762,1711586074.728761700,443,38682,0x0018,115253,822,,,,,,,,,,
317,172.20.146.77,23.51.246.151,6,TCP,54,318,2024-03-28 01:34:34.728781,1711586074.728781400,38682,443,0x0010,822,117933,,,,,,,,,,
318,23.51.246.151,172.20.146.77,6,TCP,4074,319,2024-03-28 01:34:34.729289,1711586074.729288800,443,38682,0x0018,117933,822,,,,,,,,,,
319,23.51.246.151,172.20.146.77,6,TLS,2734,320,2024-03-28 01:34:34.729289,1711586074.729289000,443,38682,0x0018,121953,822,TLS_Packet_Captured,,,,,,,,,
320,23.51.246.151,172.20.146.77,6,TCP,2734,321,2024-03-28 01:34:34.729289,1711586074.729289000,443,38682,0x0018,124633,822,,,,,,,,,,
321,23.51.246.151,172.20.146.77,6,TCP,2734,322,2024-03-28 01:34:34.729289,1711586074.729289000,443,38682,0x0018,127313,822,,,,,,,,,,
322,172.20.146.77,23.51.246.151,6,TCP,54,323,2024-03-28 01:34:34.729305,1711586074.729304500,38682,443,0x0010,822,121953,,,,,,,,,,
323,172.20.146.77,23.51.246.151,6,TCP,54,324,2024-03-28 01:34:34.729331,1711586074.729331200,38682,443,0x0010,822,124633,,,,,,,,,,
324,172.20.146.77,23.51.246.151,6,TCP,54,325,2024-03-28 01:34:34.729334,1711586074.729333800,38682,443,0x0010,822,127313,,,,,,,,,,
325,172.20.146.77,23.51.246.151,6,TCP,54,326,2024-03-28 01:34:34.729335,1711586074.729335100,38682,443,0x0010,822,129993,,,,,,,,,,
326,23.51.246.151,172.20.146.77,6,TLS,5414,327,2024-03-28 01:34:34.729744,1711586074.729744200,443,38682,0x0018,129993,822,TLS_Packet_Captured,,,,,,,,,
327,23.51.246.151,172.20.146.77,6,TCP,1394,328,2024-03-28 01:34:34.729744,1711586074.729744400,443,38682,0x0010,135353,822,,,,,,,,,,
328,172.20.146.77,23.51.246.151,6,TCP,54,329,2024-03-28 01:34:34.729755,1711586074.729755500,38682,443,0x0010,822,135353,,,,,,,,,,
329,172.20.146.77,23.51.246.151,6,TCP,54,330,2024-03-28 01:34:34.729759,1711586074.729759100,38682,443,0x0010,822,136693,,,,,,,,,,
330,23.51.246.151,172.20.146.77,6,TCP,4074,331,2024-03-28 01:34:34.729995,1711586074.729994700,443,38682,0x0018,136693,822,,,,,,,,,,
331,172.20.146.77,23.51.246.151,6,TCP,54,332,2024-03-28 01:34:34.730000,1711586074.730000500,38682,443,0x0010,822,140713,,,,,,,,,,
332,23.51.246.151,172.20.146.77,6,TCP,2142,333,2024-03-28 01:34:34.733473,1711586074.733472900,443,38682,0x0018,140713,822,,,,,,,,,,
333,23.51.246.151,172.20.146.77,6,TLS,6302,334,2024-03-28 01:34:34.733473,1711586074.733473100,443,38682,0x0018,142801,822,TLS_Packet_Captured,,,,,,,,,
334,23.51.246.151,172.20.146.77,6,TCP,1098,335,2024-03-28 01:34:34.733473,1711586074.733473100,443,38682,0x0018,149049,822,,,,,,,,,,
335,172.20.146.77,23.51.246.151,6,TCP,54,336,2024-03-28 01:34:34.733492,1711586074.733492200,38682,443,0x0010,822,142801,,,,,,,,,,
336,172.20.146.77,23.51.246.151,6,TCP,54,337,2024-03-28 01:34:34.733553,1711586074.733553300,38682,443,0x0010,822,149049,,,,,,,,,,
337,172.20.146.77,23.51.246.151,6,TCP,54,338,2024-03-28 01:34:34.733556,1711586074.733556100,38682,443,0x0010,822,150093,,,,,,,,,,
338,23.51.246.151,172.20.146.77,6,TCP,5414,339,2024-03-28 01:34:34.733559,1711586074.733559400,443,38682,0x0010,150093,822,,,,,,,,,,
339,172.20.146.77,23.51.246.151,6,TCP,54,340,2024-03-28 01:34:34.733562,1711586074.733561500,38682,443,0x0010,822,155453,,,,,,,,,,
340,23.51.246.151,172.20.146.77,6,TLS,350,341,2024-03-28 01:34:34.734062,1711586074.734062100,443,38682,0x0018,156793,822,TLS_Packet_Captured,,,,,,,,,
341,23.51.246.151,172.20.146.77,6,DATA,1394,342,2024-03-28 01:34:34.734062,1711586074.734062200,443,38682,0x0010,155453,822,,,,,,,,,,
342,23.51.246.151,172.20.146.77,6,TLS,5414,343,2024-03-28 01:34:34.734062,1711586074.734062200,443,38682,0x0018,157089,822,TLS_Packet_Captured,,,,,,,,,
343,23.51.246.151,172.20.146.77,6,TLS,1394,344,2024-03-28 01:34:34.734062,1711586074.734062300,443,38682,0x0010,162449,822,TLS_Packet_Captured,,,,,,,,,
344,172.20.146.77,23.51.246.151,6,TCP,66,345,2024-03-28 01:34:34.734087,1711586074.734086900,38682,443,0x0010,822,155453,,,,,,,,,,
345,172.20.146.77,23.51.246.151,6,TCP,54,346,2024-03-28 01:34:34.734090,1711586074.734090000,38682,443,0x0010,822,157089,,,,,,,,,,
346,172.20.146.77,23.51.246.151,6,TCP,54,347,2024-03-28 01:34:34.734092,1711586074.734091500,38682,443,0x0010,822,162449,,,,,,,,,,
347,172.20.146.77,23.51.246.151,6,TCP,54,348,2024-03-28 01:34:34.734093,1711586074.734092800,38682,443,0x0010,822,163789,,,,,,,,,,
348,23.51.246.151,172.20.146.77,6,TLS,6754,349,2024-03-28 01:34:34.734517,1711586074.734517000,443,38682,0x0018,163789,822,TLS_Packet_Captured,,,,,,,,,
349,172.20.146.77,23.51.246.151,6,TCP,54,350,2024-03-28 01:34:34.734524,1711586074.734524100,38682,443,0x0010,822,170489,,,,,,,,,,
350,23.51.246.151,172.20.146.77,6,TLS,2590,351,2024-03-28 01:34:34.743140,1711586074.743140100,443,38682,0x0018,170489,822,TLS_Packet_Captured,,,,,,,,,
351,172.20.146.77,23.51.246.151,6,TCP,54,352,2024-03-28 01:34:34.743159,1711586074.743158900,38682,443,0x0010,822,173025,,,,,,,,,,
352,23.51.246.151,172.20.146.77,6,TLS,7942,353,2024-03-28 01:34:34.743470,1711586074.743470500,443,38682,0x0018,173025,822,TLS_Packet_Captured,,,,,,,,,
353,23.51.246.151,172.20.146.77,6,TLS,2734,354,2024-03-28 01:34:34.743471,1711586074.743470800,443,38682,0x0010,180913,822,TLS_Packet_Captured,,,,,,,,,
354,172.20.146.77,23.51.246.151,6,TCP,54,355,2024-03-28 01:34:34.743490,1711586074.743490300,38682,443,0x0010,822,180913,,,,,,,,,,
355,172.20.146.77,23.51.246.151,6,TCP,54,356,2024-03-28 01:34:34.743496,1711586074.743495800,38682,443,0x0010,822,183593,,,,,,,,,,
356,23.51.246.151,172.20.146.77,6,TLS,5414,357,2024-03-28 01:34:34.743962,1711586074.743961500,443,38682,0x0018,183593,822,TLS_Packet_Captured,,,,,,,,,
357,23.51.246.151,172.20.146.77,6,TLS,2734,358,2024-03-28 01:34:34.743962,1711586074.743961600,443,38682,0x0010,188953,822,TLS_Packet_Captured,,,,,,,,,
358,172.20.146.77,23.51.246.151,6,TCP,54,359,2024-03-28 01:34:34.743979,1711586074.743979400,38682,443,0x0010,822,188953,,,,,,,,,,
359,172.20.146.77,23.51.246.151,6,TCP,54,360,2024-03-28 01:34:34.743984,1711586074.743984000,38682,443,0x0010,822,191633,,,,,,,,,,
360,23.51.246.151,172.20.146.77,6,TLS,3370,361,2024-03-28 01:34:34.746997,1711586074.746996600,443,38682,0x0018,191633,822,TLS_Packet_Captured,,,,,,,,,
361,172.20.146.77,23.51.246.151,6,TCP,54,362,2024-03-28 01:34:34.747016,1711586074.747016300,38682,443,0x0010,822,194949,,,,,,,,,,
362,23.51.246.151,172.20.146.77,6,TLS,5414,363,2024-03-28 01:34:34.747614,1711586074.747614000,443,38682,0x0018,194949,822,TLS_Packet_Captured,,,,,,,,,
363,23.51.246.151,172.20.146.77,6,TLS,5414,364,2024-03-28 01:34:34.747614,1711586074.747614300,443,38682,0x0018,200309,822,TLS_Packet_Captured,,,,,,,,,
364,172.20.146.77,23.51.246.151,6,TCP,54,365,2024-03-28 01:34:34.747631,1711586074.747631300,38682,443,0x0010,822,200309,,,,,,,,,,
365,172.20.146.77,23.51.246.151,6,TCP,54,366,2024-03-28 01:34:34.747663,1711586074.747663500,38682,443,0x0010,822,205669,,,,,,,,,,
366,23.51.246.151,172.20.146.77,6,TLS,6118,367,2024-03-28 01:34:34.747671,1711586074.747670800,443,38682,0x0018,205669,822,TLS_Packet_Captured,,,,,,,,,
367,172.20.146.77,23.51.246.151,6,TCP,54,368,2024-03-28 01:34:34.747673,1711586074.747673300,38682,443,0x0010,822,211733,,,,,,,,,,
368,23.51.246.151,172.20.146.77,6,TLS,2734,369,2024-03-28 01:34:34.750577,1711586074.750577000,443,38682,0x0010,211733,822,TLS_Packet_Captured,,,,,,,,,
369,23.51.246.151,172.20.146.77,6,TLS,570,370,2024-03-28 01:34:34.750577,1711586074.750577200,443,38682,0x0018,215753,822,TLS_Packet_Captured,,,,,,,,,
370,23.51.246.151,172.20.146.77,6,TCP,1394,371,2024-03-28 01:34:34.750577,1711586074.750577200,443,38682,0x0010,214413,822,,,,,,,,,,
371,23.51.246.151,172.20.146.77,6,TLS,5414,372,2024-03-28 01:34:34.750577,1711586074.750577300,443,38682,0x0010,216269,822,TLS_Packet_Captured,,,,,,,,,
372,172.20.146.77,23.51.246.151,6,TCP,54,373,2024-03-28 01:34:34.750596,1711586074.750596100,38682,443,0x0010,822,214413,,,,,,,,,,
373,172.20.146.77,23.51.246.151,6,TCP,66,374,2024-03-28 01:34:34.750628,1711586074.750627400,38682,443,0x0010,822,214413,,,,,,,,,,
374,172.20.146.77,23.51.246.151,6,TCP,54,375,2024-03-28 01:34:34.750631,1711586074.750630900,38682,443,0x0010,822,216269,,,,,,,,,,
375,172.20.146.77,23.51.246.151,6,TCP,54,376,2024-03-28 01:34:34.750632,1711586074.750632300,38682,443,0x0010,822,221629,,,,,,,,,,
376,23.51.246.151,172.20.146.77,6,TLS,2734,377,2024-03-28 01:34:34.755516,1711586074.755516200,443,38682,0x0018,221629,822,TLS_Packet_Captured,,,,,,,,,
377,172.20.146.77,23.51.246.151,6,TCP,54,378,2024-03-28 01:34:34.755534,1711586074.755534400,38682,443,0x0010,822,224309,,,,,,,,,,
378,23.51.246.151,172.20.146.77,6,TLS,8094,379,2024-03-28 01:34:34.756751,1711586074.756750800,443,38682,0x0018,224309,822,TLS_Packet_Captured,,,,,,,,,
379,23.51.246.151,172.20.146.77,6,TLS,8094,380,2024-03-28 01:34:34.756751,1711586074.756751000,443,38682,0x0018,232349,822,TLS_Packet_Captured,,,,,,,,,
380,172.20.146.77,23.51.246.151,6,TCP,54,381,2024-03-28 01:34:34.756802,1711586074.756802100,38682,443,0x0010,822,232349,,,,,,,,,,
381,172.20.146.77,23.51.246.151,6,TCP,54,382,2024-03-28 01:34:34.756841,1711586074.756841000,38682,443,0x0010,822,240389,,,,,,,,,,
382,23.51.246.151,172.20.146.77,6,TLS,2218,383,2024-03-28 01:34:34.756846,1711586074.756845900,443,38682,0x0018,240389,822,TLS_Packet_Captured,,,,,,,,,
383,172.20.146.77,23.51.246.151,6,TCP,54,384,2024-03-28 01:34:34.756850,1711586074.756850100,38682,443,0x0010,822,242553,,,,,,,,,,
384,23.51.246.151,172.20.146.77,6,TLS,2734,385,2024-03-28 01:34:34.760521,1711586074.760521300,443,38682,0x0010,242553,822,TLS_Packet_Captured,,,,,,,,,
385,172.20.146.77,23.51.246.151,6,TCP,54,386,2024-03-28 01:34:34.760539,1711586074.760539000,38682,443,0x0010,822,245233,,,,,,,,,,
386,23.51.246.151,172.20.146.77,6,TLS,1394,387,2024-03-28 01:34:34.760891,1711586074.760890900,443,38682,0x0010,245233,822,TLS_Packet_Captured,,,,,,,,,
387,172.20.146.77,23.51.246.151,6,TCP,54,388,2024-03-28 01:34:34.760935,1711586074.760934700,38682,443,0x0010,822,246573,,,,,,,,,,
388,23.51.246.151,172.20.146.77,6,TLS,2734,389,2024-03-28 01:34:34.765939,1711586074.765939400,443,38682,0x0010,246573,822,TLS_Packet_Captured,,,,,,,,,
389,172.20.146.77,23.51.246.151,6,TCP,54,390,2024-03-28 01:34:34.765991,1711586074.765990900,38682,443,0x0010,822,249253,,,,,,,,,,
390,23.51.246.151,172.20.146.77,6,TLS,936,391,2024-03-28 01:34:34.766388,1711586074.766387700,443,38682,0x0018,249253,822,TLS_Packet_Captured,,,,,,,,,
391,172.20.146.77,23.51.246.151,6,TCP,54,392,2024-03-28 01:34:34.766402,1711586074.766402000,38682,443,0x0010,822,250135,,,,,,,,,,
392,172.20.146.77,23.51.246.151,6,TCP,54,393,2024-03-28 01:34:34.774045,1711586074.774044400,38640,443,0x0011,822,250106,,,,,,,,,,
393,172.20.146.77,172.20.144.1,17,DNS,78,394,2024-03-28 01:34:34.775407,1711586074.775406500,,,,,,,www.indiatimes.com,,1,0x0001,1,0,0,47188,53
394,172.20.146.77,172.20.144.1,17,DNS,78,395,2024-03-28 01:34:34.775410,1711586074.775409900,,,,,,,www.indiatimes.com,,28,0x0001,1,0,0,47188,53
395,172.20.144.1,172.20.146.77,17,DNS,260,396,2024-03-28 01:34:34.776796,1711586074.776796400,,,,,,,www.indiatimes.com,www.indiatimes.com,1,0x0001,1,3,0,53,47188
396,172.20.144.1,172.20.146.77,17,DNS,356,397,2024-03-28 01:34:34.777214,1711586074.777214200,,,,,,,www.indiatimes.com,www.indiatimes.com,28,0x0001,1,6,0,53,47188
397,172.20.146.77,23.51.246.151,6,TCP,74,398,2024-03-28 01:34:34.777618,1711586074.777618000,38684,443,0x0002,0,0,,,,,,,,,,
398,23.51.246.151,172.20.146.77,6,TCP,66,399,2024-03-28 01:34:34.836473,1711586074.836472800,443,38684,0x0012,0,1,,,,,,,,,,
399,172.20.146.77,23.51.246.151,6,TCP,54,400,2024-03-28 01:34:34.836525,1711586074.836525500,38684,443,0x0010,1,1,,,,,,,,,,
400,23.51.246.151,172.20.146.77,6,TLS,85,401,2024-03-28 01:34:34.838850,1711586074.838850500,443,38640,0x0018,250106,823,TLS_Packet_Captured,,,,,,,,,
401,23.51.246.151,172.20.146.77,6,TCP,54,402,2024-03-28 01:34:34.838851,1711586074.838850700,443,38640,0x0011,250137,823,,,,,,,,,,
402,172.20.146.77,23.51.246.151,6,TCP,54,403,2024-03-28 01:34:34.838871,1711586074.838871300,38640,443,0x0004,823,0,,,,,,,,,,
403,172.20.146.77,23.51.246.151,6,TCP,54,404,2024-03-28 01:34:34.838910,1711586074.838910400,38640,443,0x0004,823,0,,,,,,,,,,
404,172.20.146.77,23.51.246.151,6,TLS,571,405,2024-03-28 01:34:34.889629,1711586074.889629000,38684,443,0x0018,1,1,TLS_Packet_Captured,,,,,,,,,
405,23.51.246.151,172.20.146.77,6,TCP,54,406,2024-03-28 01:34:34.960196,1711586074.960196300,443,38684,0x0010,1,518,,,,,,,,,,
406,23.51.246.151,172.20.146.77,6,TLS,2734,407,2024-03-28 01:34:34.960196,1711586074.960196500,443,38684,0x0018,1,518,TLS_Packet_Captured,,,,,,,,,
407,23.51.246.151,172.20.146.77,6,TCP,130,408,2024-03-28 01:34:34.960196,1711586074.960196600,443,38684,0x0018,4021,518,,,,,,,,,,
408,23.51.246.151,172.20.146.77,6,TCP,1394,409,2024-03-28 01:34:34.960196,1711586074.960196600,443,38684,0x0010,2681,518,,,,,,,,,,
409,172.20.146.77,23.51.246.151,6,TCP,54,410,2024-03-28 01:34:34.960270,1711586074.960270400,38684,443,0x0010,518,2681,,,,,,,,,,
410,172.20.146.77,23.51.246.151,6,TCP,66,411,2024-03-28 01:34:34.960365,1711586074.960365400,38684,443,0x0010,518,2681,,,,,,,,,,
411,172.20.146.77,23.51.246.151,6,TCP,54,412,2024-03-28 01:34:34.960370,1711586074.960370400,38684,443,0x0010,518,4097,,,,,,,,,,
412,23.51.246.151,172.20.146.77,6,TLS,63,413,2024-03-28 01:34:34.978943,1711586074.978943100,443,38684,0x0018,5437,518,TLS_Packet_Captured,,,,,,,,,
413,23.51.246.151,172.20.146.77,6,DATA,1394,414,2024-03-28 01:34:34.978943,1711586074.978943300,443,38684,0x0010,4097,518,,,,,,,,,,
414,172.20.146.77,23.51.246.151,6,TCP,66,415,2024-03-28 01:34:34.978962,1711586074.978961900,38684,443,0x0010,518,4097,,,,,,,,,,
415,172.20.146.77,23.51.246.151,6,TCP,54,416,2024-03-28 01:34:34.978991,1711586074.978991000,38684,443,0x0010,518,5446,,,,,,,,,,
416,172.20.146.77,23.51.246.151,6,TLS,180,417,2024-03-28 01:34:34.980466,1711586074.980466300,38684,443,0x0018,518,5446,TLS_Packet_Captured,,,,,,,,,
417,23.51.246.151,172.20.146.77,6,TLS,105,418,2024-03-28 01:34:35.026551,1711586075.026551300,443,38684,0x0018,5446,644,TLS_Packet_Captured,,,,,,,,,
418,172.20.146.77,23.51.246.151,6,TCP,54,419,2024-03-28 01:34:35.026570,1711586075.026569700,38684,443,0x0010,644,5497,,,,,,,,,,
419,172.20.146.77,23.51.246.151,6,TLS,232,420,2024-03-28 01:34:35.028826,1711586075.028826200,38684,443,0x0018,644,5497,TLS_Packet_Captured,,,,,,,,,
420,23.51.246.151,172.20.146.77,6,TLS,2734,421,2024-03-28 01:34:35.081039,1711586075.081039100,443,38684,0x0018,5497,822,TLS_Packet_Captured,,,,,,,,,
421,23.51.246.151,172.20.146.77,6,TCP,1394,422,2024-03-28 01:34:35.081039,1711586075.081039300,443,38684,0x0010,8177,822,,,,,,,,,,
422,172.20.146.77,23.51.246.151,6,TCP,54,423,2024-03-28 01:34:35.081061,1711586075.081061100,38684,443,0x0010,822,8177,,,,,,,,,,
423,172.20.146.77,23.51.246.151,6,TCP,54,424,2024-03-28 01:34:35.081088,1711586075.081088300,38684,443,0x0010,822,9517,,,,,,,,,,
424,23.51.246.151,172.20.146.77,6,TCP,1394,425,2024-03-28 01:34:35.083193,1711586075.083193100,443,38684,0x0018,9517,822,,,,,,,,,,
425,23.51.246.151,172.20.146.77,6,TCP,2734,426,2024-03-28 01:34:35.083193,1711586075.083193200,443,38684,0x0018,10857,822,,,,,,,,,,
426,172.20.146.77,23.51.246.151,6,TCP,54,427,2024-03-28 01:34:35.083205,1711586075.083205400,38684,443,0x0010,822,10857,,,,,,,,,,
427,172.20.146.77,23.51.246.151,6,TCP,54,428,2024-03-28 01:34:35.083248,1711586075.083247600,38684,443,0x0010,822,13537,,,,,,,,,,
428,23.51.246.151,172.20.146.77,6,TCP,2734,429,2024-03-28 01:34:35.083969,1711586075.083968800,443,38684,0x0018,13537,822,,,,,,,,,,
429,23.51.246.151,172.20.146.77,6,TCP,2734,430,2024-03-28 01:34:35.083969,1711586075.083968900,443,38684,0x0018,16217,822,,,,,,,,,,
430,23.51.246.151,172.20.146.77,6,TCP,2734,431,2024-03-28 01:34:35.083969,1711586075.083968900,443,38684,0x0018,18897,822,,,,,,,,,,
431,23.51.246.151,172.20.146.77,6,TLS,2734,432,2024-03-28 01:34:35.083969,1711586075.083968900,443,38684,0x0018,21577,822,TLS_Packet_Captured,,,,,,,,,
432,172.20.146.77,23.51.246.151,6,TCP,54,433,2024-03-28 01:34:35.083975,1711586075.083974900,38684,443,0x0010,822,16217,,,,,,,,,,
433,172.20.146.77,23.51.246.151,6,TCP,54,434,2024-03-28 01:34:35.084120,1711586075.084120100,38684,443,0x0010,822,18897,,,,,,,,,,
434,172.20.146.77,23.51.246.151,6,TCP,54,435,2024-03-28 01:34:35.084129,1711586075.084128700,38684,443,0x0010,822,24257,,,,,,,,,,
435,23.51.246.151,172.20.146.77,6,TCP,2734,436,2024-03-28 01:34:35.089323,1711586075.089323300,443,38684,0x0018,24257,822,,,,,,,,,,
436,172.20.146.77,23.51.246.151,6,TCP,54,437,2024-03-28 01:34:35.089337,1711586075.089337400,38684,443,0x0010,822,26937,,,,,,,,,,
437,23.51.246.151,172.20.146.77,6,TCP,2734,438,2024-03-28 01:34:35.099545,1711586075.099545100,443,38684,0x0018,26937,822,,,,,,,,,,
438,172.20.146.77,23.51.246.151,6,TCP,54,439,2024-03-28 01:34:35.099560,1711586075.099559700,38684,443,0x0010,822,29617,,,,,,,,,,
439,23.51.246.151,172.20.146.77,6,TCP,1394,440,2024-03-28 01:34:35.109694,1711586075.109693500,443,38684,0x0010,29617,822,,,,,,,,,,
440,23.51.246.151,172.20.146.77,6,TCP,1394,441,2024-03-28 01:34:35.110245,1711586075.110245200,443,38684,0x0018,30957,822,,,,,,,,,,
441,23.51.246.151,172.20.146.77,6,TCP,1394,442,2024-03-28 01:34:35.110245,1711586075.110245300,443,38684,0x0010,32297,822,,,,,,,,,,
442,172.20.146.77,23.51.246.151,6,TCP,54,443,2024-03-28 01:34:35.110260,1711586075.110260100,38684,443,0x0010,822,32297,,,,,,,,,,
443,23.51.246.151,172.20.146.77,6,TCP,1394,444,2024-03-28 01:34:35.110923,1711586075.110923000,443,38684,0x0018,33637,822,,,,,,,,,,
444,23.51.246.151,172.20.146.77,6,TCP,2734,445,2024-03-28 01:34:35.110923,1711586075.110923000,443,38684,0x0018,34977,822,,,,,,,,,,
445,23.51.246.151,172.20.146.77,6,TLS,2734,446,2024-03-28 01:34:35.110923,1711586075.110923000,443,38684,0x0018,37657,822,TLS_Packet_Captured,,,,,,,,,
446,23.51.246.151,172.20.146.77,6,TLS,2734,447,2024-03-28 01:34:35.110923,1711586075.110923100,443,38684,0x0018,40337,822,TLS_Packet_Captured,,,,,,,,,
447,172.20.146.77,23.51.246.151,6,TCP,54,448,2024-03-28 01:34:35.110932,1711586075.110931900,38684,443,0x0010,822,34977,,,,,,,,,,
448,172.20.146.77,23.51.246.151,6,TCP,54,449,2024-03-28 01:34:35.111053,1711586075.111053000,38684,443,0x0010,822,43017,,,,,,,,,,
449,23.51.246.151,172.20.146.77,6,TCP,2734,450,2024-03-28 01:34:35.112780,1711586075.112779500,443,38684,0x0018,43017,822,,,,,,,,,,
450,23.51.246.151,172.20.146.77,6,TCP,2734,451,2024-03-28 01:34:35.112780,1711586075.112779600,443,38684,0x0018,45697,822,,,,,,,,,,
451,23.51.246.151,172.20.146.77,6,TCP,2734,452,2024-03-28 01:34:35.112780,1711586075.112779600,443,38684,0x0018,48377,822,,,,,,,,,,
452,23.51.246.151,172.20.146.77,6,TCP,2734,453,2024-03-28 01:34:35.120085,1711586075.120085300,443,38684,0x0018,51057,822,,,,,,,,,,
453,23.51.246.151,172.20.146.77,6,TCP,2734,454,2024-03-28 01:34:35.120085,1711586075.120085400,443,38684,0x0018,53737,822,,,,,,,,,,
454,23.51.246.151,172.20.146.77,6,TLS,4074,455,2024-03-28 01:34:35.120085,1711586075.120085400,443,38684,0x0018,56417,822,TLS_Packet_Captured,,,,,,,,,
455,23.51.246.151,172.20.146.77,6,TCP,2734,456,2024-03-28 01:34:35.120085,1711586075.120085500,443,38684,0x0018,60437,822,,,,,,,,,,
456,23.51.246.151,172.20.146.77,6,TCP,2734,457,2024-03-28 01:34:35.120136,1711586075.120136500,443,38684,0x0018,63117,822,,,,,,,,,,
457,172.20.146.77,23.51.246.151,6,TCP,54,458,2024-03-28 01:34:35.123922,1711586075.123922100,38684,443,0x0010,822,65797,,,,,,,,,,
458,23.51.246.151,172.20.146.77,6,TCP,2734,459,2024-03-28 01:34:35.141315,1711586075.141315500,443,38684,0x0018,65797,822,,,,,,,,,,
459,23.51.246.151,172.20.146.77,6,TLS,2734,460,2024-03-28 01:34:35.141316,1711586075.141315800,443,38684,0x0018,68477,822,TLS_Packet_Captured,,,,,,,,,
460,23.51.246.151,172.20.146.77,6,TCP,2734,461,2024-03-28 01:34:35.141316,1711586075.141315800,443,38684,0x0018,71157,822,,,,,,,,,,
461,23.51.246.151,172.20.146.77,6,TCP,2734,462,2024-03-28 01:34:35.141316,1711586075.141315800,443,38684,0x0018,73837,822,,,,,,,,,,
462,172.20.146.77,23.51.246.151,6,TCP,54,463,2024-03-28 01:34:35.141336,1711586075.141336200,38684,443,0x0010,822,68477,,,,,,,,,,
463,23.51.246.151,172.20.146.77,6,TCP,2734,464,2024-03-28 01:34:35.141372,1711586075.141372400,443,38684,0x0018,76517,822,,,,,,,,,,
464,23.51.246.151,172.20.146.77,6,TCP,2734,465,2024-03-28 01:34:35.141372,1711586075.141372400,443,38684,0x0018,79197,822,,,,,,,,,,
465,23.51.246.151,172.20.146.77,6,TCP,2734,466,2024-03-28 01:34:35.141372,1711586075.141372500,443,38684,0x0018,81877,822,,,,,,,,,,
466,23.51.246.151,172.20.146.77,6,TLS,2734,467,2024-03-28 01:34:35.141372,1711586075.141372500,443,38684,0x0018,84557,822,TLS_Packet_Captured,,,,,,,,,
467,172.20.146.77,23.51.246.151,6,TCP,54,468,2024-03-28 01:34:35.141421,1711586075.141421300,38684,443,0x0010,822,87237,,,,,,,,,,
468,23.51.246.151,172.20.146.77,6,TCP,1394,469,2024-03-28 01:34:35.141478,1711586075.141477700,443,38684,0x0018,87237,822,,,,,,,,,,
469,23.51.246.151,172.20.146.77,6,TCP,2734,470,2024-03-28 01:34:35.141478,1711586075.141477800,443,38684,0x0018,88577,822,,,,,,,,,,
470,23.51.246.151,172.20.146.77,6,TCP,2734,471,2024-03-28 01:34:35.141478,1711586075.141477800,443,38684,0x0018,91257,822,,,,,,,,,,
471,23.51.246.151,172.20.146.77,6,TCP,2734,472,2024-03-28 01:34:35.141478,1711586075.141477800,443,38684,0x0018,93937,822,,,,,,,,,,
472,23.51.246.151,172.20.146.77,6,TCP,2734,473,2024-03-28 01:34:35.141478,1711586075.141477900,443,38684,0x0018,96617,822,,,,,,,,,,
473,172.20.146.77,23.51.246.151,6,TCP,54,474,2024-03-28 01:34:35.141484,1711586075.141484200,38684,443,0x0010,822,88577,,,,,,,,,,
474,172.20.146.77,23.51.246.151,6,TCP,54,475,2024-03-28 01:34:35.141486,1711586075.141486500,38684,443,0x0010,822,91257,,,,,,,,,,
475,172.20.146.77,23.51.246.151,6,TCP,54,476,2024-03-28 01:34:35.141488,1711586075.141488300,38684,443,0x0010,822,93937,,,,,,,,,,
476,172.20.146.77,23.51.246.151,6,TCP,54,477,2024-03-28 01:34:35.141490,1711586075.141489700,38684,443,0x0010,822,96617,,,,,,,,,,
477,172.20.146.77,23.51.246.151,6,TCP,54,478,2024-03-28 01:34:35.141492,1711586075.141492400,38684,443,0x0010,822,99297,,,,,,,,,,
478,23.51.246.151,172.20.146.77,6,TCP,2734,479,2024-03-28 01:34:35.141597,1711586075.141596900,443,38684,0x0018,99297,822,,,,,,,,,,
479,23.51.246.151,172.20.146.77,6,TLS,2734,480,2024-03-28 01:34:35.141597,1711586075.141597000,443,38684,0x0018,101977,822,TLS_Packet_Captured,,,,,,,,,
480,23.51.246.151,172.20.146.77,6,TCP,2734,481,2024-03-28 01:34:35.141597,1711586075.141597000,443,38684,0x0018,104657,822,,,,,,,,,,
481,23.51.246.151,172.20.146.77,6,TCP,2734,482,2024-03-28 01:34:35.141597,1711586075.141597000,443,38684,0x0018,107337,822,,,,,,,,,,
482,172.20.146.77,23.51.246.151,6,TCP,54,483,2024-03-28 01:34:35.141603,1711586075.141602600,38684,443,0x0010,822,101977,,,,,,,,,,
483,172.20.146.77,23.51.246.151,6,TCP,54,484,2024-03-28 01:34:35.141631,1711586075.141630900,38684,443,0x0010,822,104657,,,,,,,,,,
484,172.20.146.77,23.51.246.151,6,TCP,54,485,2024-03-28 01:34:35.141649,1711586075.141649200,38684,443,0x0010,822,107337,,,,,,,,,,
485,172.20.146.77,23.51.246.151,6,TCP,54,486,2024-03-28 01:34:35.141667,1711586075.141667300,38684,443,0x0010,822,110017,,,,,,,,,,
486,23.51.246.151,172.20.146.77,6,TLS,2734,487,2024-03-28 01:34:35.141754,1711586075.141754400,443,38684,0x0018,110017,822,TLS_Packet_Captured,,,,,,,,,
487,23.51.246.151,172.20.146.77,6,TCP,2734,488,2024-03-28 01:34:35.141754,1711586075.141754500,443,38684,0x0018,112697,822,,,,,,,,,,
488,23.51.246.151,172.20.146.77,6,TCP,2734,489,2024-03-28 01:34:35.141754,1711586075.141754500,443,38684,0x0018,115377,822,,,,,,,,,,
489,23.51.246.151,172.20.146.77,6,TCP,4074,490,2024-03-28 01:34:35.141754,1711586075.141754500,443,38684,0x0018,118057,822,,,,,,,,,,
490,172.20.146.77,23.51.246.151,6,TCP,54,491,2024-03-28 01:34:35.141761,1711586075.141760800,38684,443,0x0010,822,112697,,,,,,,,,,
491,172.20.146.77,23.51.246.151,6,TCP,54,492,2024-03-28 01:34:35.141763,1711586075.141763000,38684,443,0x0010,822,115377,,,,,,,,,,
492,172.20.146.77,23.51.246.151,6,TCP,54,493,2024-03-28 01:34:35.141764,1711586075.141764500,38684,443,0x0010,822,118057,,,,,,,,,,
493,172.20.146.77,23.51.246.151,6,TCP,54,494,2024-03-28 01:34:35.141766,1711586075.141765800,38684,443,0x0010,822,122077,,,,,,,,,,
494,23.51.246.151,172.20.146.77,6,TCP,2734,495,2024-03-28 01:34:35.141800,1711586075.141800000,443,38684,0x0018,122077,822,,,,,,,,,,
495,23.51.246.151,172.20.146.77,6,TCP,2734,496,2024-03-28 01:34:35.141800,1711586075.141800000,443,38684,0x0018,124757,822,,,,,,,,,,
496,172.20.146.77,23.51.246.151,6,TCP,54,497,2024-03-28 01:34:35.141805,1711586075.141804700,38684,443,0x0010,822,124757,,,,,,,,,,
497,172.20.146.77,23.51.246.151,6,TCP,54,498,2024-03-28 01:34:35.141807,1711586075.141807100,38684,443,0x0010,822,127437,,,,,,,,,,
498,23.51.246.151,172.20.146.77,6,TLS,2734,499,2024-03-28 01:34:35.151594,1711586075.151594500,443,38684,0x0018,127437,822,TLS_Packet_Captured,,,,,,,,,
499,23.51.246.151,172.20.146.77,6,TCP,4074,500,2024-03-28 01:34:35.151595,1711586075.151594700,443,38684,0x0018,130117,822,,,,,,,,,,
500,23.51.246.151,172.20.146.77,6,TLS,4710,501,2024-03-28 01:34:35.151595,1711586075.151594800,443,38684,0x0018,134137,822,TLS_Packet_Captured,,,,,,,,,
501,172.20.146.77,23.51.246.151,6,TCP,54,502,2024-03-28 01:34:35.151616,1711586075.151616400,38684,443,0x0010,822,130117,,,,,,,,,,
502,172.20.146.77,23.51.246.151,6,TCP,54,503,2024-03-28 01:34:35.151623,1711586075.151622500,38684,443,0x0010,822,134137,,,,,,,,,,
503,172.20.146.77,23.51.246.151,6,TCP,54,504,2024-03-28 01:34:35.151624,1711586075.151624000,38684,443,0x0010,822,138793,,,,,,,,,,
504,23.51.246.151,172.20.146.77,6,TCP,5414,505,2024-03-28 01:34:35.151672,1711586075.151671900,443,38684,0x0018,138793,822,,,,,,,,,,
505,23.51.246.151,172.20.146.77,6,TCP,4074,506,2024-03-28 01:34:35.151672,1711586075.151671900,443,38684,0x0010,144153,822,,,,,,,,,,
506,172.20.146.77,23.51.246.151,6,TCP,54,507,2024-03-28 01:34:35.151677,1711586075.151676800,38684,443,0x0010,822,144153,,,,,,,,,,
507,172.20.146.77,23.51.246.151,6,TCP,54,508,2024-03-28 01:34:35.151679,1711586075.151678900,38684,443,0x0010,822,148173,,,,,,,,,,
508,23.51.246.151,172.20.146.77,6,TCP,1394,509,2024-03-28 01:34:35.157116,1711586075.157115900,443,38684,0x0018,148173,822,,,,,,,,,,
509,23.51.246.151,172.20.146.77,6,TCP,758,510,2024-03-28 01:34:35.157116,1711586075.157116000,443,38684,0x0010,149513,822,,,,,,,,,,
510,23.51.246.151,172.20.146.77,6,TLS,6050,511,2024-03-28 01:34:35.157116,1711586075.157116000,443,38684,0x0018,150217,822,TLS_Packet_Captured,,,,,,,,,
511,23.51.246.151,172.20.146.77,6,TCP,6754,512,2024-03-28 01:34:35.157116,1711586075.157116100,443,38684,0x0018,156213,822,,,,,,,,,,
512,172.20.146.77,23.51.246.151,6,TCP,54,513,2024-03-28 01:34:35.157139,1711586075.157139400,38684,443,0x0010,822,149513,,,,,,,,,,
513,172.20.146.77,23.51.246.151,6,TCP,54,514,2024-03-28 01:34:35.157146,1711586075.157146100,38684,443,0x0010,822,150217,,,,,,,,,,
514,172.20.146.77,23.51.246.151,6,TCP,54,515,2024-03-28 01:34:35.157148,1711586075.157147600,38684,443,0x0010,822,156213,,,,,,,,,,
515,172.20.146.77,23.51.246.151,6,TCP,54,516,2024-03-28 01:34:35.157149,1711586075.157149000,38684,443,0x0010,822,162913,,,,,,,,,,
516,23.51.246.151,172.20.146.77,6,TCP,2274,517,2024-03-28 01:34:35.157154,1711586075.157154400,443,38684,0x0018,162913,822,,,,,,,,,,
517,23.51.246.151,172.20.146.77,6,TLS,6754,518,2024-03-28 01:34:35.157154,1711586075.157154400,443,38684,0x0018,165133,822,TLS_Packet_Captured,,,,,,,,,
518,23.51.246.151,172.20.146.77,6,TCP,4074,519,2024-03-28 01:34:35.157154,1711586075.157154400,443,38684,0x0018,171833,822,,,,,,,,,,
519,172.20.146.77,23.51.246.151,6,TCP,54,520,2024-03-28 01:34:35.157158,1711586075.157158200,38684,443,0x0010,822,165133,,,,,,,,,,
520,172.20.146.77,23.51.246.151,6,TCP,54,521,2024-03-28 01:34:35.157160,1711586075.157159600,38684,443,0x0010,822,171833,,,,,,,,,,
521,172.20.146.77,23.51.246.151,6,TCP,54,522,2024-03-28 01:34:35.157161,1711586075.157161400,38684,443,0x0010,822,175853,,,,,,,,,,
522,23.51.246.151,172.20.146.77,6,TLS,5238,523,2024-03-28 01:34:35.157165,1711586075.157165100,443,38684,0x0018,175853,822,TLS_Packet_Captured,,,,,,,,,
523,172.20.146.77,23.51.246.151,6,TCP,54,524,2024-03-28 01:34:35.157167,1711586075.157167100,38684,443,0x0010,822,181037,,,,,,,,,,
524,23.51.246.151,172.20.146.77,6,TCP,2734,525,2024-03-28 01:34:35.171621,1711586075.171621300,443,38684,0x0010,181037,822,,,,,,,,,,
525,23.51.246.151,172.20.146.77,6,TCP,230,526,2024-03-28 01:34:35.171622,1711586075.171621700,443,38684,0x0018,185057,822,,,,,,,,,,
526,172.20.146.77,23.51.246.151,6,TCP,54,527,2024-03-28 01:34:35.171644,1711586075.171644000,38684,443,0x0010,822,183717,,,,,,,,,,
527,172.20.146.77,23.51.246.151,6,TCP,66,528,2024-03-28 01:34:35.171674,1711586075.171673600,38684,443,0x0010,822,183717,,,,,,,,,,
528,23.51.246.151,172.20.146.77,6,TCP,1394,529,2024-03-28 01:34:35.172488,1711586075.172488500,443,38684,0x0010,183717,822,,,,,,,,,,
529,23.51.246.151,172.20.146.77,6,TCP,5414,530,2024-03-28 01:34:35.172489,1711586075.172488600,443,38684,0x0018,185233,822,,,,,,,,,,
530,23.51.246.151,172.20.146.77,6,TLS,4074,531,2024-03-28 01:34:35.172489,1711586075.172488600,443,38684,0x0018,190593,822,TLS_Packet_Captured,,,,,,,,,
531,172.20.146.77,23.51.246.151,6,TCP,54,532,2024-03-28 01:34:35.172521,1711586075.172520600,38684,443,0x0010,822,185233,,,,,,,,,,
532,172.20.146.77,23.51.246.151,6,TCP,54,533,2024-03-28 01:34:35.172524,1711586075.172524300,38684,443,0x0010,822,190593,,,,,,,,,,
533,172.20.146.77,23.51.246.151,6,TCP,54,534,2024-03-28 01:34:35.172526,1711586075.172526000,38684,443,0x0010,822,194613,,,,,,,,,,
534,23.51.246.151,172.20.146.77,6,TCP,2114,535,2024-03-28 01:34:35.172529,1711586075.172529500,443,38684,0x0018,194613,822,,,,,,,,,,
535,172.20.146.77,23.51.246.151,6,TCP,54,536,2024-03-28 01:34:35.172531,1711586075.172531300,38684,443,0x0010,822,196673,,,,,,,,,,
536,23.51.246.151,172.20.146.77,6,TLS,8094,537,2024-03-28 01:34:35.173348,1711586075.173348100,443,38684,0x0018,196673,822,TLS_Packet_Captured,,,,,,,,,
537,23.51.246.151,172.20.146.77,6,TCP,3370,538,2024-03-28 01:34:35.173348,1711586075.173348200,443,38684,0x0018,204713,822,,,,,,,,,,
538,172.20.146.77,23.51.246.151,6,TCP,54,539,2024-03-28 01:34:35.173353,1711586075.173353100,38684,443,0x0010,822,204713,,,,,,,,,,
539,172.20.146.77,23.51.246.151,6,TCP,54,540,2024-03-28 01:34:35.173355,1711586075.173354900,38684,443,0x0010,822,208029,,,,,,,,,,
540,23.51.246.151,172.20.146.77,6,TCP,1394,541,2024-03-28 01:34:35.173356,1711586075.173355900,443,38684,0x0010,208029,822,,,,,,,,,,
541,172.20.146.77,23.51.246.151,6,TCP,54,542,2024-03-28 01:34:35.173357,1711586075.173357500,38684,443,0x0010,822,209369,,,,,,,,,,
542,23.51.246.151,172.20.146.77,6,TCP,934,543,2024-03-28 01:34:35.173573,1711586075.173573300,443,38684,0x0018,209369,822,,,,,,,,,,
543,23.51.246.151,172.20.146.77,6,TCP,1662,544,2024-03-28 01:34:35.173573,1711586075.173573400,443,38684,0x0018,210249,822,,,,,,,,,,
544,172.20.146.77,23.51.246.151,6,TCP,54,545,2024-03-28 01:34:35.173589,1711586075.173588700,38684,443,0x0010,822,210249,,,,,,,,,,
545,172.20.146.77,23.51.246.151,6,TCP,54,546,2024-03-28 01:34:35.173648,1711586075.173647800,38684,443,0x0010,822,211857,,,,,,,,,,
546,23.51.246.151,172.20.146.77,6,TCP,5146,547,2024-03-28 01:34:35.177082,1711586075.177082000,443,38684,0x0018,211857,822,,,,,,,,,,
547,172.20.146.77,23.51.246.151,6,TCP,54,548,2024-03-28 01:34:35.177104,1711586075.177104200,38684,443,0x0010,822,216949,,,,,,,,,,
548,23.51.246.151,172.20.146.77,6,TLS,2734,549,2024-03-28 01:34:35.179627,1711586075.179627300,443,38684,0x0010,216949,822,TLS_Packet_Captured,,,,,,,,,
549,172.20.146.77,23.51.246.151,6,TCP,54,550,2024-03-28 01:34:35.179642,1711586075.179641900,38684,443,0x0010,822,219629,,,,,,,,,,
550,23.51.246.151,172.20.146.77,6,TCP,6578,551,2024-03-28 01:34:35.180446,1711586075.180445900,443,38684,0x0018,219629,822,,,,,,,,,,
551,23.51.246.151,172.20.146.77,6,TCP,5414,552,2024-03-28 01:34:35.180446,1711586075.180446300,443,38684,0x0010,226153,822,,,,,,,,,,
552,172.20.146.77,23.51.246.151,6,TCP,54,553,2024-03-28 01:34:35.180459,1711586075.180458800,38684,443,0x0010,822,226153,,,,,,,,,,
553,172.20.146.77,23.51.246.151,6,TCP,54,554,2024-03-28 01:34:35.180462,1711586075.180462000,38684,443,0x0010,822,231513,,,,,,,,,,
554,23.51.246.151,172.20.146.77,6,TLS,2734,555,2024-03-28 01:34:35.189698,1711586075.189697600,443,38684,0x0010,231513,822,TLS_Packet_Captured,,,,,,,,,
555,172.20.146.77,23.51.246.151,6,TCP,54,556,2024-03-28 01:34:35.189730,1711586075.189729600,38684,443,0x0010,822,234193,,,,,,,,,,
556,23.51.246.151,172.20.146.77,6,TCP,1394,557,2024-03-28 01:34:35.190677,1711586075.190677200,443,38684,0x0018,234193,822,,,,,,,,,,
557,23.51.246.151,172.20.146.77,6,TLS,7198,558,2024-03-28 01:34:35.190677,1711586075.190677400,443,38684,0x0018,235533,822,TLS_Packet_Captured,,,,,,,,,
558,23.51.246.151,172.20.146.77,6,TCP,2734,559,2024-03-28 01:34:35.190677,1711586075.190677400,443,38684,0x0010,242677,822,,,,,,,,,,
559,172.20.146.77,23.51.246.151,6,TCP,54,560,2024-03-28 01:34:35.190695,1711586075.190695000,38684,443,0x0010,822,235533,,,,,,,,,,
560,172.20.146.77,23.51.246.151,6,TCP,54,561,2024-03-28 01:34:35.190699,1711586075.190699300,38684,443,0x0010,822,242677,,,,,,,,,,
561,172.20.146.77,23.51.246.151,6,TCP,54,562,2024-03-28 01:34:35.190701,1711586075.190700700,38684,443,0x0010,822,245357,,,,,,,,,,
562,23.51.246.151,172.20.146.77,6,TLS,4774,563,2024-03-28 01:34:35.190819,1711586075.190818500,443,38684,0x0018,245357,822,TLS_Packet_Captured,,,,,,,,,
563,172.20.146.77,23.51.246.151,6,TCP,54,564,2024-03-28 01:34:35.190846,1711586075.190846300,38684,443,0x0010,822,250077,,,,,,,,,,
564,172.20.146.77,23.51.246.151,6,TCP,54,565,2024-03-28 01:34:35.211167,1711586075.211166700,38682,443,0x0011,822,250135,,,,,,,,,,
565,172.20.146.77,23.51.246.151,6,TCP,54,566,2024-03-28 01:34:35.233212,1711586075.233212400,38684,443,0x0011,822,250077,,,,,,,,,,
566,23.51.246.151,172.20.146.77,6,TLS,85,567,2024-03-28 01:34:35.264778,1711586075.264777900,443,38682,0x0018,250135,823,TLS_Packet_Captured,,,,,,,,,
567,23.51.246.151,172.20.146.77,6,TCP,54,568,2024-03-28 01:34:35.264778,1711586075.264778000,443,38682,0x0011,250166,823,,,,,,,,,,
568,172.20.146.77,23.51.246.151,6,TCP,54,569,2024-03-28 01:34:35.264804,1711586075.264804400,38682,443,0x0004,823,0,,,,,,,,,,
569,172.20.146.77,23.51.246.151,6,TCP,54,570,2024-03-28 01:34:35.264856,1711586075.264855700,38682,443,0x0004,823,0,,,,,,,,,,
570,23.51.246.151,172.20.146.77,6,TLS,85,571,2024-03-28 01:34:35.275488,1711586075.275487700,443,38684,0x0018,250077,823,TLS_Packet_Captured,,,,,,,,,
571,23.51.246.151,172.20.146.77,6,TCP,54,572,2024-03-28 01:34:35.275488,1711586075.275487900,443,38684,0x0011,250108,823,,,,,,,,,,
572,172.20.146.77,23.51.246.151,6,TCP,54,573,2024-03-28 01:34:35.275515,1711586075.275515300,38684,443,0x0004,823,0,,,,,,,,,,
573,172.20.146.77,23.51.246.151,6,TCP,54,574,2024-03-28 01:34:35.275522,1711586075.275522300,38684,443,0x0004,823,0,,,,,,,,,,
574,172.20.144.1,172.20.159.255,17,DATA,86,575,2024-03-28 01:34:37.947813,1711586077.947812600,,,,,,,,,,,,,,57621,57621
575,172.20.144.1,172.20.159.255,17,DATA,86,576,2024-03-28 01:34:38.081058,1711586078.081057900,,,,,,,,,,,,,,57621,57621
576,172.20.144.1,172.20.159.255,17,DATA,86,579,2024-03-28 01:34:41.093777,1711586081.093776600,,,,,,,,,,,,,,57621,57621
